DateKey,Date,Fiscal Year,Fiscal Quarter,Month,Full Date,MonthKey
20210701,7/1/2021,FY2022,FY2022 Q1,2021 Jul,"2021 Jul, 01",202107
20210702,7/2/2021,FY2022,FY2022 Q1,2021 Jul,"2021 Jul, 02",202107
20210703,7/3/2021,FY2022,FY2022 Q1,2021 Jul,"2021 Jul, 03",202107
20210704,7/4/2021,FY2022,FY2022 Q1,2021 Jul,"2021 Jul, 04",202107
20210705,7/5/2021,FY2022,FY2022 Q1,2021 Jul,"2021 Jul, 05",202107
20210706,7/6/2021,FY2022,FY2022 Q1,2021 Jul,"2021 Jul, 06",202107
20210707,7/7/2021,FY2022,FY2022 Q1,2021 Jul,"2021 Jul, 07",202107
20210708,7/8/2021,FY2022,FY2022 Q1,2021 Jul,"2021 Jul, 08",202107
20210709,7/9/2021,FY2022,FY2022 Q1,2021 Jul,"2021 Jul, 09",202107
20210710,7/10/2021,FY2022,FY2022 Q1,2021 Jul,"2021 Jul, 10",202107
20210711,7/11/2021,FY2022,FY2022 Q1,2021 Jul,"2021 Jul, 11",202107
20210712,7/12/2021,FY2022,FY2022 Q1,2021 Jul,"2021 Jul, 12",202107
20210713,7/13/2021,FY2022,FY2022 Q1,2021 Jul,"2021 Jul, 13",202107
20210714,7/14/2021,FY2022,FY2022 Q1,2021 Jul,"2021 Jul, 14",202107
20210715,7/15/2021,FY2022,FY2022 Q1,2021 Jul,"2021 Jul, 15",202107
20210716,7/16/2021,FY2022,FY2022 Q1,2021 Jul,"2021 Jul, 16",202107
20210717,7/17/2021,FY2022,FY2022 Q1,2021 Jul,"2021 Jul, 17",202107
20210718,7/18/2021,FY2022,FY2022 Q1,2021 Jul,"2021 Jul, 18",202107
20210719,7/19/2021,FY2022,FY2022 Q1,2021 Jul,"2021 Jul, 19",202107
20210720,7/20/2021,FY2022,FY2022 Q1,2021 Jul,"2021 Jul, 20",202107
20210721,7/21/2021,FY2022,FY2022 Q1,2021 Jul,"2021 Jul, 21",202107
20210722,7/22/2021,FY2022,FY2022 Q1,2021 Jul,"2021 Jul, 22",202107
20210723,7/23/2021,FY2022,FY2022 Q1,2021 Jul,"2021 Jul, 23",202107
20210724,7/24/2021,FY2022,FY2022 Q1,2021 Jul,"2021 Jul, 24",202107
20210725,7/25/2021,FY2022,FY2022 Q1,2021 Jul,"2021 Jul, 25",202107
20210726,7/26/2021,FY2022,FY2022 Q1,2021 Jul,"2021 Jul, 26",202107
20210727,7/27/2021,FY2022,FY2022 Q1,2021 Jul,"2021 Jul, 27",202107
20210728,7/28/2021,FY2022,FY2022 Q1,2021 Jul,"2021 Jul, 28",202107
20210729,7/29/2021,FY2022,FY2022 Q1,2021 Jul,"2021 Jul, 29",202107
20210730,7/30/2021,FY2022,FY2022 Q1,2021 Jul,"2021 Jul, 30",202107
20210731,7/31/2021,FY2022,FY2022 Q1,2021 Jul,"2021 Jul, 31",202107
20210801,8/1/2021,FY2022,FY2022 Q1,2021 Aug,"2021 Aug, 01",202108
20210802,8/2/2021,FY2022,FY2022 Q1,2021 Aug,"2021 Aug, 02",202108
20210803,8/3/2021,FY2022,FY2022 Q1,2021 Aug,"2021 Aug, 03",202108
20210804,8/4/2021,FY2022,FY2022 Q1,2021 Aug,"2021 Aug, 04",202108
20210805,8/5/2021,FY2022,FY2022 Q1,2021 Aug,"2021 Aug, 05",202108
20210806,8/6/2021,FY2022,FY2022 Q1,2021 Aug,"2021 Aug, 06",202108
20210807,8/7/2021,FY2022,FY2022 Q1,2021 Aug,"2021 Aug, 07",202108
20210808,8/8/2021,FY2022,FY2022 Q1,2021 Aug,"2021 Aug, 08",202108
20210809,8/9/2021,FY2022,FY2022 Q1,2021 Aug,"2021 Aug, 09",202108
20210810,8/10/2021,FY2022,FY2022 Q1,2021 Aug,"2021 Aug, 10",202108
20210811,8/11/2021,FY2022,FY2022 Q1,2021 Aug,"2021 Aug, 11",202108
20210812,8/12/2021,FY2022,FY2022 Q1,2021 Aug,"2021 Aug, 12",202108
20210813,8/13/2021,FY2022,FY2022 Q1,2021 Aug,"2021 Aug, 13",202108
20210814,8/14/2021,FY2022,FY2022 Q1,2021 Aug,"2021 Aug, 14",202108
20210815,8/15/2021,FY2022,FY2022 Q1,2021 Aug,"2021 Aug, 15",202108
20210816,8/16/2021,FY2022,FY2022 Q1,2021 Aug,"2021 Aug, 16",202108
20210817,8/17/2021,FY2022,FY2022 Q1,2021 Aug,"2021 Aug, 17",202108
20210818,8/18/2021,FY2022,FY2022 Q1,2021 Aug,"2021 Aug, 18",202108
20210819,8/19/2021,FY2022,FY2022 Q1,2021 Aug,"2021 Aug, 19",202108
20210820,8/20/2021,FY2022,FY2022 Q1,2021 Aug,"2021 Aug, 20",202108
20210821,8/21/2021,FY2022,FY2022 Q1,2021 Aug,"2021 Aug, 21",202108
20210822,8/22/2021,FY2022,FY2022 Q1,2021 Aug,"2021 Aug, 22",202108
20210823,8/23/2021,FY2022,FY2022 Q1,2021 Aug,"2021 Aug, 23",202108
20210824,8/24/2021,FY2022,FY2022 Q1,2021 Aug,"2021 Aug, 24",202108
20210825,8/25/2021,FY2022,FY2022 Q1,2021 Aug,"2021 Aug, 25",202108
20210826,8/26/2021,FY2022,FY2022 Q1,2021 Aug,"2021 Aug, 26",202108
20210827,8/27/2021,FY2022,FY2022 Q1,2021 Aug,"2021 Aug, 27",202108
20210828,8/28/2021,FY2022,FY2022 Q1,2021 Aug,"2021 Aug, 28",202108
20210829,8/29/2021,FY2022,FY2022 Q1,2021 Aug,"2021 Aug, 29",202108
20210830,8/30/2021,FY2022,FY2022 Q1,2021 Aug,"2021 Aug, 30",202108
20210831,8/31/2021,FY2022,FY2022 Q1,2021 Aug,"2021 Aug, 31",202108
20210901,9/1/2021,FY2022,FY2022 Q1,2021 Sep,"2021 Sep, 01",202109
20210902,9/2/2021,FY2022,FY2022 Q1,2021 Sep,"2021 Sep, 02",202109
20210903,9/3/2021,FY2022,FY2022 Q1,2021 Sep,"2021 Sep, 03",202109
20210904,9/4/2021,FY2022,FY2022 Q1,2021 Sep,"2021 Sep, 04",202109
20210905,9/5/2021,FY2022,FY2022 Q1,2021 Sep,"2021 Sep, 05",202109
20210906,9/6/2021,FY2022,FY2022 Q1,2021 Sep,"2021 Sep, 06",202109
20210907,9/7/2021,FY2022,FY2022 Q1,2021 Sep,"2021 Sep, 07",202109
20210908,9/8/2021,FY2022,FY2022 Q1,2021 Sep,"2021 Sep, 08",202109
20210909,9/9/2021,FY2022,FY2022 Q1,2021 Sep,"2021 Sep, 09",202109
20210910,9/10/2021,FY2022,FY2022 Q1,2021 Sep,"2021 Sep, 10",202109
20210911,9/11/2021,FY2022,FY2022 Q1,2021 Sep,"2021 Sep, 11",202109
20210912,9/12/2021,FY2022,FY2022 Q1,2021 Sep,"2021 Sep, 12",202109
20210913,9/13/2021,FY2022,FY2022 Q1,2021 Sep,"2021 Sep, 13",202109
20210914,9/14/2021,FY2022,FY2022 Q1,2021 Sep,"2021 Sep, 14",202109
20210915,9/15/2021,FY2022,FY2022 Q1,2021 Sep,"2021 Sep, 15",202109
20210916,9/16/2021,FY2022,FY2022 Q1,2021 Sep,"2021 Sep, 16",202109
20210917,9/17/2021,FY2022,FY2022 Q1,2021 Sep,"2021 Sep, 17",202109
20210918,9/18/2021,FY2022,FY2022 Q1,2021 Sep,"2021 Sep, 18",202109
20210919,9/19/2021,FY2022,FY2022 Q1,2021 Sep,"2021 Sep, 19",202109
20210920,9/20/2021,FY2022,FY2022 Q1,2021 Sep,"2021 Sep, 20",202109
20210921,9/21/2021,FY2022,FY2022 Q1,2021 Sep,"2021 Sep, 21",202109
20210922,9/22/2021,FY2022,FY2022 Q1,2021 Sep,"2021 Sep, 22",202109
20210923,9/23/2021,FY2022,FY2022 Q1,2021 Sep,"2021 Sep, 23",202109
20210924,9/24/2021,FY2022,FY2022 Q1,2021 Sep,"2021 Sep, 24",202109
20210925,9/25/2021,FY2022,FY2022 Q1,2021 Sep,"2021 Sep, 25",202109
20210926,9/26/2021,FY2022,FY2022 Q1,2021 Sep,"2021 Sep, 26",202109
20210927,9/27/2021,FY2022,FY2022 Q1,2021 Sep,"2021 Sep, 27",202109
20210928,9/28/2021,FY2022,FY2022 Q1,2021 Sep,"2021 Sep, 28",202109
20210929,9/29/2021,FY2022,FY2022 Q1,2021 Sep,"2021 Sep, 29",202109
20210930,9/30/2021,FY2022,FY2022 Q1,2021 Sep,"2021 Sep, 30",202109
20211001,10/1/2021,FY2022,FY2022 Q2,2021 Oct,"2021 Oct, 01",202110
20211002,10/2/2021,FY2022,FY2022 Q2,2021 Oct,"2021 Oct, 02",202110
20211003,10/3/2021,FY2022,FY2022 Q2,2021 Oct,"2021 Oct, 03",202110
20211004,10/4/2021,FY2022,FY2022 Q2,2021 Oct,"2021 Oct, 04",202110
20211005,10/5/2021,FY2022,FY2022 Q2,2021 Oct,"2021 Oct, 05",202110
20211006,10/6/2021,FY2022,FY2022 Q2,2021 Oct,"2021 Oct, 06",202110
20211007,10/7/2021,FY2022,FY2022 Q2,2021 Oct,"2021 Oct, 07",202110
20211008,10/8/2021,FY2022,FY2022 Q2,2021 Oct,"2021 Oct, 08",202110
20211009,10/9/2021,FY2022,FY2022 Q2,2021 Oct,"2021 Oct, 09",202110
20211010,10/10/2021,FY2022,FY2022 Q2,2021 Oct,"2021 Oct, 10",202110
20211011,10/11/2021,FY2022,FY2022 Q2,2021 Oct,"2021 Oct, 11",202110
20211012,10/12/2021,FY2022,FY2022 Q2,2021 Oct,"2021 Oct, 12",202110
20211013,10/13/2021,FY2022,FY2022 Q2,2021 Oct,"2021 Oct, 13",202110
20211014,10/14/2021,FY2022,FY2022 Q2,2021 Oct,"2021 Oct, 14",202110
20211015,10/15/2021,FY2022,FY2022 Q2,2021 Oct,"2021 Oct, 15",202110
20211016,10/16/2021,FY2022,FY2022 Q2,2021 Oct,"2021 Oct, 16",202110
20211017,10/17/2021,FY2022,FY2022 Q2,2021 Oct,"2021 Oct, 17",202110
20211018,10/18/2021,FY2022,FY2022 Q2,2021 Oct,"2021 Oct, 18",202110
20211019,10/19/2021,FY2022,FY2022 Q2,2021 Oct,"2021 Oct, 19",202110
20211020,10/20/2021,FY2022,FY2022 Q2,2021 Oct,"2021 Oct, 20",202110
20211021,10/21/2021,FY2022,FY2022 Q2,2021 Oct,"2021 Oct, 21",202110
20211022,10/22/2021,FY2022,FY2022 Q2,2021 Oct,"2021 Oct, 22",202110
20211023,10/23/2021,FY2022,FY2022 Q2,2021 Oct,"2021 Oct, 23",202110
20211024,10/24/2021,FY2022,FY2022 Q2,2021 Oct,"2021 Oct, 24",202110
20211025,10/25/2021,FY2022,FY2022 Q2,2021 Oct,"2021 Oct, 25",202110
20211026,10/26/2021,FY2022,FY2022 Q2,2021 Oct,"2021 Oct, 26",202110
20211027,10/27/2021,FY2022,FY2022 Q2,2021 Oct,"2021 Oct, 27",202110
20211028,10/28/2021,FY2022,FY2022 Q2,2021 Oct,"2021 Oct, 28",202110
20211029,10/29/2021,FY2022,FY2022 Q2,2021 Oct,"2021 Oct, 29",202110
20211030,10/30/2021,FY2022,FY2022 Q2,2021 Oct,"2021 Oct, 30",202110
20211031,10/31/2021,FY2022,FY2022 Q2,2021 Oct,"2021 Oct, 31",202110
20211101,11/1/2021,FY2022,FY2022 Q2,2021 Nov,"2021 Nov, 01",202111
20211102,11/2/2021,FY2022,FY2022 Q2,2021 Nov,"2021 Nov, 02",202111
20211103,11/3/2021,FY2022,FY2022 Q2,2021 Nov,"2021 Nov, 03",202111
20211104,11/4/2021,FY2022,FY2022 Q2,2021 Nov,"2021 Nov, 04",202111
20211105,11/5/2021,FY2022,FY2022 Q2,2021 Nov,"2021 Nov, 05",202111
20211106,11/6/2021,FY2022,FY2022 Q2,2021 Nov,"2021 Nov, 06",202111
20211107,11/7/2021,FY2022,FY2022 Q2,2021 Nov,"2021 Nov, 07",202111
20211108,11/8/2021,FY2022,FY2022 Q2,2021 Nov,"2021 Nov, 08",202111
20211109,11/9/2021,FY2022,FY2022 Q2,2021 Nov,"2021 Nov, 09",202111
20211110,11/10/2021,FY2022,FY2022 Q2,2021 Nov,"2021 Nov, 10",202111
20211111,11/11/2021,FY2022,FY2022 Q2,2021 Nov,"2021 Nov, 11",202111
20211112,11/12/2021,FY2022,FY2022 Q2,2021 Nov,"2021 Nov, 12",202111
20211113,11/13/2021,FY2022,FY2022 Q2,2021 Nov,"2021 Nov, 13",202111
20211114,11/14/2021,FY2022,FY2022 Q2,2021 Nov,"2021 Nov, 14",202111
20211115,11/15/2021,FY2022,FY2022 Q2,2021 Nov,"2021 Nov, 15",202111
20211116,11/16/2021,FY2022,FY2022 Q2,2021 Nov,"2021 Nov, 16",202111
20211117,11/17/2021,FY2022,FY2022 Q2,2021 Nov,"2021 Nov, 17",202111
20211118,11/18/2021,FY2022,FY2022 Q2,2021 Nov,"2021 Nov, 18",202111
20211119,11/19/2021,FY2022,FY2022 Q2,2021 Nov,"2021 Nov, 19",202111
20211120,11/20/2021,FY2022,FY2022 Q2,2021 Nov,"2021 Nov, 20",202111
20211121,11/21/2021,FY2022,FY2022 Q2,2021 Nov,"2021 Nov, 21",202111
20211122,11/22/2021,FY2022,FY2022 Q2,2021 Nov,"2021 Nov, 22",202111
20211123,11/23/2021,FY2022,FY2022 Q2,2021 Nov,"2021 Nov, 23",202111
20211124,11/24/2021,FY2022,FY2022 Q2,2021 Nov,"2021 Nov, 24",202111
20211125,11/25/2021,FY2022,FY2022 Q2,2021 Nov,"2021 Nov, 25",202111
20211126,11/26/2021,FY2022,FY2022 Q2,2021 Nov,"2021 Nov, 26",202111
20211127,11/27/2021,FY2022,FY2022 Q2,2021 Nov,"2021 Nov, 27",202111
20211128,11/28/2021,FY2022,FY2022 Q2,2021 Nov,"2021 Nov, 28",202111
20211129,11/29/2021,FY2022,FY2022 Q2,2021 Nov,"2021 Nov, 29",202111
20211130,11/30/2021,FY2022,FY2022 Q2,2021 Nov,"2021 Nov, 30",202111
20211201,12/1/2021,FY2022,FY2022 Q2,2021 Dec,"2021 Dec, 01",202112
20211202,12/2/2021,FY2022,FY2022 Q2,2021 Dec,"2021 Dec, 02",202112
20211203,12/3/2021,FY2022,FY2022 Q2,2021 Dec,"2021 Dec, 03",202112
20211204,12/4/2021,FY2022,FY2022 Q2,2021 Dec,"2021 Dec, 04",202112
20211205,12/5/2021,FY2022,FY2022 Q2,2021 Dec,"2021 Dec, 05",202112
20211206,12/6/2021,FY2022,FY2022 Q2,2021 Dec,"2021 Dec, 06",202112
20211207,12/7/2021,FY2022,FY2022 Q2,2021 Dec,"2021 Dec, 07",202112
20211208,12/8/2021,FY2022,FY2022 Q2,2021 Dec,"2021 Dec, 08",202112
20211209,12/9/2021,FY2022,FY2022 Q2,2021 Dec,"2021 Dec, 09",202112
20211210,12/10/2021,FY2022,FY2022 Q2,2021 Dec,"2021 Dec, 10",202112
20211211,12/11/2021,FY2022,FY2022 Q2,2021 Dec,"2021 Dec, 11",202112
20211212,12/12/2021,FY2022,FY2022 Q2,2021 Dec,"2021 Dec, 12",202112
20211213,12/13/2021,FY2022,FY2022 Q2,2021 Dec,"2021 Dec, 13",202112
20211214,12/14/2021,FY2022,FY2022 Q2,2021 Dec,"2021 Dec, 14",202112
20211215,12/15/2021,FY2022,FY2022 Q2,2021 Dec,"2021 Dec, 15",202112
20211216,12/16/2021,FY2022,FY2022 Q2,2021 Dec,"2021 Dec, 16",202112
20211217,12/17/2021,FY2022,FY2022 Q2,2021 Dec,"2021 Dec, 17",202112
20211218,12/18/2021,FY2022,FY2022 Q2,2021 Dec,"2021 Dec, 18",202112
20211219,12/19/2021,FY2022,FY2022 Q2,2021 Dec,"2021 Dec, 19",202112
20211220,12/20/2021,FY2022,FY2022 Q2,2021 Dec,"2021 Dec, 20",202112
20211221,12/21/2021,FY2022,FY2022 Q2,2021 Dec,"2021 Dec, 21",202112
20211222,12/22/2021,FY2022,FY2022 Q2,2021 Dec,"2021 Dec, 22",202112
20211223,12/23/2021,FY2022,FY2022 Q2,2021 Dec,"2021 Dec, 23",202112
20211224,12/24/2021,FY2022,FY2022 Q2,2021 Dec,"2021 Dec, 24",202112
20211225,12/25/2021,FY2022,FY2022 Q2,2021 Dec,"2021 Dec, 25",202112
20211226,12/26/2021,FY2022,FY2022 Q2,2021 Dec,"2021 Dec, 26",202112
20211227,12/27/2021,FY2022,FY2022 Q2,2021 Dec,"2021 Dec, 27",202112
20211228,12/28/2021,FY2022,FY2022 Q2,2021 Dec,"2021 Dec, 28",202112
20211229,12/29/2021,FY2022,FY2022 Q2,2021 Dec,"2021 Dec, 29",202112
20211230,12/30/2021,FY2022,FY2022 Q2,2021 Dec,"2021 Dec, 30",202112
20211231,12/31/2021,FY2022,FY2022 Q2,2021 Dec,"2021 Dec, 31",202112
20220101,1/1/2022,FY2022,FY2022 Q3,2022 Jan,"2022 Jan, 01",202201
20220102,1/2/2022,FY2022,FY2022 Q3,2022 Jan,"2022 Jan, 02",202201
20220103,1/3/2022,FY2022,FY2022 Q3,2022 Jan,"2022 Jan, 03",202201
20220104,1/4/2022,FY2022,FY2022 Q3,2022 Jan,"2022 Jan, 04",202201
20220105,1/5/2022,FY2022,FY2022 Q3,2022 Jan,"2022 Jan, 05",202201
20220106,1/6/2022,FY2022,FY2022 Q3,2022 Jan,"2022 Jan, 06",202201
20220107,1/7/2022,FY2022,FY2022 Q3,2022 Jan,"2022 Jan, 07",202201
20220108,1/8/2022,FY2022,FY2022 Q3,2022 Jan,"2022 Jan, 08",202201
20220109,1/9/2022,FY2022,FY2022 Q3,2022 Jan,"2022 Jan, 09",202201
20220110,1/10/2022,FY2022,FY2022 Q3,2022 Jan,"2022 Jan, 10",202201
20220111,1/11/2022,FY2022,FY2022 Q3,2022 Jan,"2022 Jan, 11",202201
20220112,1/12/2022,FY2022,FY2022 Q3,2022 Jan,"2022 Jan, 12",202201
20220113,1/13/2022,FY2022,FY2022 Q3,2022 Jan,"2022 Jan, 13",202201
20220114,1/14/2022,FY2022,FY2022 Q3,2022 Jan,"2022 Jan, 14",202201
20220115,1/15/2022,FY2022,FY2022 Q3,2022 Jan,"2022 Jan, 15",202201
20220116,1/16/2022,FY2022,FY2022 Q3,2022 Jan,"2022 Jan, 16",202201
20220117,1/17/2022,FY2022,FY2022 Q3,2022 Jan,"2022 Jan, 17",202201
20220118,1/18/2022,FY2022,FY2022 Q3,2022 Jan,"2022 Jan, 18",202201
20220119,1/19/2022,FY2022,FY2022 Q3,2022 Jan,"2022 Jan, 19",202201
20220120,1/20/2022,FY2022,FY2022 Q3,2022 Jan,"2022 Jan, 20",202201
20220121,1/21/2022,FY2022,FY2022 Q3,2022 Jan,"2022 Jan, 21",202201
20220122,1/22/2022,FY2022,FY2022 Q3,2022 Jan,"2022 Jan, 22",202201
20220123,1/23/2022,FY2022,FY2022 Q3,2022 Jan,"2022 Jan, 23",202201
20220124,1/24/2022,FY2022,FY2022 Q3,2022 Jan,"2022 Jan, 24",202201
20220125,1/25/2022,FY2022,FY2022 Q3,2022 Jan,"2022 Jan, 25",202201
20220126,1/26/2022,FY2022,FY2022 Q3,2022 Jan,"2022 Jan, 26",202201
20220127,1/27/2022,FY2022,FY2022 Q3,2022 Jan,"2022 Jan, 27",202201
20220128,1/28/2022,FY2022,FY2022 Q3,2022 Jan,"2022 Jan, 28",202201
20220129,1/29/2022,FY2022,FY2022 Q3,2022 Jan,"2022 Jan, 29",202201
20220130,1/30/2022,FY2022,FY2022 Q3,2022 Jan,"2022 Jan, 30",202201
20220131,1/31/2022,FY2022,FY2022 Q3,2022 Jan,"2022 Jan, 31",202201
20220241,2/1/2022,FY2022,FY2022 Q3,2022 Feb,"2022 Feb, 01",202202
20220242,2/2/2022,FY2022,FY2022 Q3,2022 Feb,"2022 Feb, 02",202202
20220243,2/3/2022,FY2022,FY2022 Q3,2022 Feb,"2022 Feb, 03",202202
20220244,2/4/2022,FY2022,FY2022 Q3,2022 Feb,"2022 Feb, 04",202202
20220245,2/5/2022,FY2022,FY2022 Q3,2022 Feb,"2022 Feb, 05",202202
20220246,2/6/2022,FY2022,FY2022 Q3,2022 Feb,"2022 Feb, 06",202202
20220247,2/7/2022,FY2022,FY2022 Q3,2022 Feb,"2022 Feb, 07",202202
20220248,2/8/2022,FY2022,FY2022 Q3,2022 Feb,"2022 Feb, 08",202202
20220249,2/9/2022,FY2022,FY2022 Q3,2022 Feb,"2022 Feb, 09",202202
20220210,2/10/2022,FY2022,FY2022 Q3,2022 Feb,"2022 Feb, 10",202202
20220211,2/11/2022,FY2022,FY2022 Q3,2022 Feb,"2022 Feb, 11",202202
20220212,2/12/2022,FY2022,FY2022 Q3,2022 Feb,"2022 Feb, 12",202202
20220213,2/13/2022,FY2022,FY2022 Q3,2022 Feb,"2022 Feb, 13",202202
20220214,2/14/2022,FY2022,FY2022 Q3,2022 Feb,"2022 Feb, 14",202202
20220215,2/15/2022,FY2022,FY2022 Q3,2022 Feb,"2022 Feb, 15",202202
20220216,2/16/2022,FY2022,FY2022 Q3,2022 Feb,"2022 Feb, 16",202202
20220217,2/17/2022,FY2022,FY2022 Q3,2022 Feb,"2022 Feb, 17",202202
20220218,2/18/2022,FY2022,FY2022 Q3,2022 Feb,"2022 Feb, 18",202202
20220219,2/19/2022,FY2022,FY2022 Q3,2022 Feb,"2022 Feb, 19",202202
20220220,2/20/2022,FY2022,FY2022 Q3,2022 Feb,"2022 Feb, 20",202202
20220221,2/21/2022,FY2022,FY2022 Q3,2022 Feb,"2022 Feb, 21",202202
20220222,2/22/2022,FY2022,FY2022 Q3,2022 Feb,"2022 Feb, 22",202202
20220223,2/23/2022,FY2022,FY2022 Q3,2022 Feb,"2022 Feb, 23",202202
20220224,2/24/2022,FY2022,FY2022 Q3,2022 Feb,"2022 Feb, 24",202202
20220225,2/25/2022,FY2022,FY2022 Q3,2022 Feb,"2022 Feb, 25",202202
20220226,2/26/2022,FY2022,FY2022 Q3,2022 Feb,"2022 Feb, 26",202202
20220227,2/27/2022,FY2022,FY2022 Q3,2022 Feb,"2022 Feb, 27",202202
20220228,2/28/2022,FY2022,FY2022 Q3,2022 Feb,"2022 Feb, 28",202202
20220301,3/1/2022,FY2022,FY2022 Q3,2022 Mar,"2022 Mar, 01",202203
20220302,3/2/2022,FY2022,FY2022 Q3,2022 Mar,"2022 Mar, 02",202203
20220303,3/3/2022,FY2022,FY2022 Q3,2022 Mar,"2022 Mar, 03",202203
20220304,3/4/2022,FY2022,FY2022 Q3,2022 Mar,"2022 Mar, 04",202203
20220305,3/5/2022,FY2022,FY2022 Q3,2022 Mar,"2022 Mar, 05",202203
20220306,3/6/2022,FY2022,FY2022 Q3,2022 Mar,"2022 Mar, 06",202203
20220307,3/7/2022,FY2022,FY2022 Q3,2022 Mar,"2022 Mar, 07",202203
20220308,3/8/2022,FY2022,FY2022 Q3,2022 Mar,"2022 Mar, 08",202203
20220309,3/9/2022,FY2022,FY2022 Q3,2022 Mar,"2022 Mar, 09",202203
20220310,3/10/2022,FY2022,FY2022 Q3,2022 Mar,"2022 Mar, 10",202203
20220311,3/11/2022,FY2022,FY2022 Q3,2022 Mar,"2022 Mar, 11",202203
20220312,3/12/2022,FY2022,FY2022 Q3,2022 Mar,"2022 Mar, 12",202203
20220313,3/13/2022,FY2022,FY2022 Q3,2022 Mar,"2022 Mar, 13",202203
20220314,3/14/2022,FY2022,FY2022 Q3,2022 Mar,"2022 Mar, 14",202203
20220315,3/15/2022,FY2022,FY2022 Q3,2022 Mar,"2022 Mar, 15",202203
20220316,3/16/2022,FY2022,FY2022 Q3,2022 Mar,"2022 Mar, 16",202203
20220317,3/17/2022,FY2022,FY2022 Q3,2022 Mar,"2022 Mar, 17",202203
20220318,3/18/2022,FY2022,FY2022 Q3,2022 Mar,"2022 Mar, 18",202203
20220319,3/19/2022,FY2022,FY2022 Q3,2022 Mar,"2022 Mar, 19",202203
20220320,3/20/2022,FY2022,FY2022 Q3,2022 Mar,"2022 Mar, 20",202203
20220321,3/21/2022,FY2022,FY2022 Q3,2022 Mar,"2022 Mar, 21",202203
20220322,3/22/2022,FY2022,FY2022 Q3,2022 Mar,"2022 Mar, 22",202203
20220323,3/23/2022,FY2022,FY2022 Q3,2022 Mar,"2022 Mar, 23",202203
20220324,3/24/2022,FY2022,FY2022 Q3,2022 Mar,"2022 Mar, 24",202203
20220325,3/25/2022,FY2022,FY2022 Q3,2022 Mar,"2022 Mar, 25",202203
20220326,3/26/2022,FY2022,FY2022 Q3,2022 Mar,"2022 Mar, 26",202203
20220327,3/27/2022,FY2022,FY2022 Q3,2022 Mar,"2022 Mar, 27",202203
20220328,3/28/2022,FY2022,FY2022 Q3,2022 Mar,"2022 Mar, 28",202203
20220329,3/29/2022,FY2022,FY2022 Q3,2022 Mar,"2022 Mar, 29",202203
20220330,3/30/2022,FY2022,FY2022 Q3,2022 Mar,"2022 Mar, 30",202203
20220331,3/31/2022,FY2022,FY2022 Q3,2022 Mar,"2022 Mar, 31",202203
20220401,4/1/2022,FY2022,FY2022 Q4,2022 Apr,"2022 Apr, 01",202204
20220402,4/2/2022,FY2022,FY2022 Q4,2022 Apr,"2022 Apr, 02",202204
20220403,4/3/2022,FY2022,FY2022 Q4,2022 Apr,"2022 Apr, 03",202204
20220404,4/4/2022,FY2022,FY2022 Q4,2022 Apr,"2022 Apr, 04",202204
20220405,4/5/2022,FY2022,FY2022 Q4,2022 Apr,"2022 Apr, 05",202204
20220406,4/6/2022,FY2022,FY2022 Q4,2022 Apr,"2022 Apr, 06",202204
20220407,4/7/2022,FY2022,FY2022 Q4,2022 Apr,"2022 Apr, 07",202204
20220408,4/8/2022,FY2022,FY2022 Q4,2022 Apr,"2022 Apr, 08",202204
20220409,4/9/2022,FY2022,FY2022 Q4,2022 Apr,"2022 Apr, 09",202204
20220410,4/10/2022,FY2022,FY2022 Q4,2022 Apr,"2022 Apr, 10",202204
20220411,4/11/2022,FY2022,FY2022 Q4,2022 Apr,"2022 Apr, 11",202204
20220412,4/12/2022,FY2022,FY2022 Q4,2022 Apr,"2022 Apr, 12",202204
20220413,4/13/2022,FY2022,FY2022 Q4,2022 Apr,"2022 Apr, 13",202204
20220414,4/14/2022,FY2022,FY2022 Q4,2022 Apr,"2022 Apr, 14",202204
20220415,4/15/2022,FY2022,FY2022 Q4,2022 Apr,"2022 Apr, 15",202204
20220416,4/16/2022,FY2022,FY2022 Q4,2022 Apr,"2022 Apr, 16",202204
20220417,4/17/2022,FY2022,FY2022 Q4,2022 Apr,"2022 Apr, 17",202204
20220418,4/18/2022,FY2022,FY2022 Q4,2022 Apr,"2022 Apr, 18",202204
20220419,4/19/2022,FY2022,FY2022 Q4,2022 Apr,"2022 Apr, 19",202204
20220420,4/20/2022,FY2022,FY2022 Q4,2022 Apr,"2022 Apr, 20",202204
20220421,4/21/2022,FY2022,FY2022 Q4,2022 Apr,"2022 Apr, 21",202204
20220422,4/22/2022,FY2022,FY2022 Q4,2022 Apr,"2022 Apr, 22",202204
20220423,4/23/2022,FY2022,FY2022 Q4,2022 Apr,"2022 Apr, 23",202204
20220424,4/24/2022,FY2022,FY2022 Q4,2022 Apr,"2022 Apr, 24",202204
20220425,4/25/2022,FY2022,FY2022 Q4,2022 Apr,"2022 Apr, 25",202204
20220426,4/26/2022,FY2022,FY2022 Q4,2022 Apr,"2022 Apr, 26",202204
20220427,4/27/2022,FY2022,FY2022 Q4,2022 Apr,"2022 Apr, 27",202204
20220428,4/28/2022,FY2022,FY2022 Q4,2022 Apr,"2022 Apr, 28",202204
20220429,4/29/2022,FY2022,FY2022 Q4,2022 Apr,"2022 Apr, 29",202204
20220430,4/30/2022,FY2022,FY2022 Q4,2022 Apr,"2022 Apr, 30",202204
20220501,5/1/2022,FY2022,FY2022 Q4,2022 May,"2022 May, 01",202205
20220502,5/2/2022,FY2022,FY2022 Q4,2022 May,"2022 May, 02",202205
20220503,5/3/2022,FY2022,FY2022 Q4,2022 May,"2022 May, 03",202205
20220504,5/4/2022,FY2022,FY2022 Q4,2022 May,"2022 May, 04",202205
20220505,5/5/2022,FY2022,FY2022 Q4,2022 May,"2022 May, 05",202205
20220506,5/6/2022,FY2022,FY2022 Q4,2022 May,"2022 May, 06",202205
20220507,5/7/2022,FY2022,FY2022 Q4,2022 May,"2022 May, 07",202205
20220508,5/8/2022,FY2022,FY2022 Q4,2022 May,"2022 May, 08",202205
20220509,5/9/2022,FY2022,FY2022 Q4,2022 May,"2022 May, 09",202205
20220510,5/10/2022,FY2022,FY2022 Q4,2022 May,"2022 May, 10",202205
20220511,5/11/2022,FY2022,FY2022 Q4,2022 May,"2022 May, 11",202205
20220512,5/12/2022,FY2022,FY2022 Q4,2022 May,"2022 May, 12",202205
20220513,5/13/2022,FY2022,FY2022 Q4,2022 May,"2022 May, 13",202205
20220514,5/14/2022,FY2022,FY2022 Q4,2022 May,"2022 May, 14",202205
20220515,5/15/2022,FY2022,FY2022 Q4,2022 May,"2022 May, 15",202205
20220516,5/16/2022,FY2022,FY2022 Q4,2022 May,"2022 May, 16",202205
20220517,5/17/2022,FY2022,FY2022 Q4,2022 May,"2022 May, 17",202205
20220518,5/18/2022,FY2022,FY2022 Q4,2022 May,"2022 May, 18",202205
20220519,5/19/2022,FY2022,FY2022 Q4,2022 May,"2022 May, 19",202205
20220520,5/20/2022,FY2022,FY2022 Q4,2022 May,"2022 May, 20",202205
20220521,5/21/2022,FY2022,FY2022 Q4,2022 May,"2022 May, 21",202205
20220522,5/22/2022,FY2022,FY2022 Q4,2022 May,"2022 May, 22",202205
20220523,5/23/2022,FY2022,FY2022 Q4,2022 May,"2022 May, 23",202205
20220524,5/24/2022,FY2022,FY2022 Q4,2022 May,"2022 May, 24",202205
20220525,5/25/2022,FY2022,FY2022 Q4,2022 May,"2022 May, 25",202205
20220526,5/26/2022,FY2022,FY2022 Q4,2022 May,"2022 May, 26",202205
20220527,5/27/2022,FY2022,FY2022 Q4,2022 May,"2022 May, 27",202205
20220528,5/28/2022,FY2022,FY2022 Q4,2022 May,"2022 May, 28",202205
20220529,5/29/2022,FY2022,FY2022 Q4,2022 May,"2022 May, 29",202205
20220530,5/30/2022,FY2022,FY2022 Q4,2022 May,"2022 May, 30",202205
20220531,5/31/2022,FY2022,FY2022 Q4,2022 May,"2022 May, 31",202205
20220601,6/1/2022,FY2022,FY2022 Q4,2022 Jun,"2022 Jun, 01",202206
20220602,6/2/2022,FY2022,FY2022 Q4,2022 Jun,"2022 Jun, 02",202206
20220603,6/3/2022,FY2022,FY2022 Q4,2022 Jun,"2022 Jun, 03",202206
20220604,6/4/2022,FY2022,FY2022 Q4,2022 Jun,"2022 Jun, 04",202206
20220605,6/5/2022,FY2022,FY2022 Q4,2022 Jun,"2022 Jun, 05",202206
20220606,6/6/2022,FY2022,FY2022 Q4,2022 Jun,"2022 Jun, 06",202206
20220607,6/7/2022,FY2022,FY2022 Q4,2022 Jun,"2022 Jun, 07",202206
20220608,6/8/2022,FY2022,FY2022 Q4,2022 Jun,"2022 Jun, 08",202206
20220609,6/9/2022,FY2022,FY2022 Q4,2022 Jun,"2022 Jun, 09",202206
20220610,6/10/2022,FY2022,FY2022 Q4,2022 Jun,"2022 Jun, 10",202206
20220611,6/11/2022,FY2022,FY2022 Q4,2022 Jun,"2022 Jun, 11",202206
20220612,6/12/2022,FY2022,FY2022 Q4,2022 Jun,"2022 Jun, 12",202206
20220613,6/13/2022,FY2022,FY2022 Q4,2022 Jun,"2022 Jun, 13",202206
20220614,6/14/2022,FY2022,FY2022 Q4,2022 Jun,"2022 Jun, 14",202206
20220615,6/15/2022,FY2022,FY2022 Q4,2022 Jun,"2022 Jun, 15",202206
20220616,6/16/2022,FY2022,FY2022 Q4,2022 Jun,"2022 Jun, 16",202206
20220617,6/17/2022,FY2022,FY2022 Q4,2022 Jun,"2022 Jun, 17",202206
20220618,6/18/2022,FY2022,FY2022 Q4,2022 Jun,"2022 Jun, 18",202206
20220619,6/19/2022,FY2022,FY2022 Q4,2022 Jun,"2022 Jun, 19",202206
20220620,6/20/2022,FY2022,FY2022 Q4,2022 Jun,"2022 Jun, 20",202206
20220621,6/21/2022,FY2022,FY2022 Q4,2022 Jun,"2022 Jun, 21",202206
20220622,6/22/2022,FY2022,FY2022 Q4,2022 Jun,"2022 Jun, 22",202206
20220623,6/23/2022,FY2022,FY2022 Q4,2022 Jun,"2022 Jun, 23",202206
20220624,6/24/2022,FY2022,FY2022 Q4,2022 Jun,"2022 Jun, 24",202206
20220625,6/25/2022,FY2022,FY2022 Q4,2022 Jun,"2022 Jun, 25",202206
20220626,6/26/2022,FY2022,FY2022 Q4,2022 Jun,"2022 Jun, 26",202206
20220627,6/27/2022,FY2022,FY2022 Q4,2022 Jun,"2022 Jun, 27",202206
20220628,6/28/2022,FY2022,FY2022 Q4,2022 Jun,"2022 Jun, 28",202206
20220629,6/29/2022,FY2022,FY2022 Q4,2022 Jun,"2022 Jun, 29",202206
20220630,6/30/2022,FY2022,FY2022 Q4,2022 Jun,"2022 Jun, 30",202206
20220701,7/1/2022,FY2023,FY2023 Q1,2022 Jul,"2022 Jul, 01",202207
20220702,7/2/2022,FY2023,FY2023 Q1,2022 Jul,"2022 Jul, 02",202207
20220703,7/3/2022,FY2023,FY2023 Q1,2022 Jul,"2022 Jul, 03",202207
20220704,7/4/2022,FY2023,FY2023 Q1,2022 Jul,"2022 Jul, 04",202207
20220705,7/5/2022,FY2023,FY2023 Q1,2022 Jul,"2022 Jul, 05",202207
20220706,7/6/2022,FY2023,FY2023 Q1,2022 Jul,"2022 Jul, 06",202207
20220707,7/7/2022,FY2023,FY2023 Q1,2022 Jul,"2022 Jul, 07",202207
20220708,7/8/2022,FY2023,FY2023 Q1,2022 Jul,"2022 Jul, 08",202207
20220709,7/9/2022,FY2023,FY2023 Q1,2022 Jul,"2022 Jul, 09",202207
20220710,7/10/2022,FY2023,FY2023 Q1,2022 Jul,"2022 Jul, 10",202207
20220711,7/11/2022,FY2023,FY2023 Q1,2022 Jul,"2022 Jul, 11",202207
20220712,7/12/2022,FY2023,FY2023 Q1,2022 Jul,"2022 Jul, 12",202207
20220713,7/13/2022,FY2023,FY2023 Q1,2022 Jul,"2022 Jul, 13",202207
20220714,7/14/2022,FY2023,FY2023 Q1,2022 Jul,"2022 Jul, 14",202207
20220715,7/15/2022,FY2023,FY2023 Q1,2022 Jul,"2022 Jul, 15",202207
20220716,7/16/2022,FY2023,FY2023 Q1,2022 Jul,"2022 Jul, 16",202207
20220717,7/17/2022,FY2023,FY2023 Q1,2022 Jul,"2022 Jul, 17",202207
20220718,7/18/2022,FY2023,FY2023 Q1,2022 Jul,"2022 Jul, 18",202207
20220719,7/19/2022,FY2023,FY2023 Q1,2022 Jul,"2022 Jul, 19",202207
20220720,7/20/2022,FY2023,FY2023 Q1,2022 Jul,"2022 Jul, 20",202207
20220721,7/21/2022,FY2023,FY2023 Q1,2022 Jul,"2022 Jul, 21",202207
20220722,7/22/2022,FY2023,FY2023 Q1,2022 Jul,"2022 Jul, 22",202207
20220723,7/23/2022,FY2023,FY2023 Q1,2022 Jul,"2022 Jul, 23",202207
20220724,7/24/2022,FY2023,FY2023 Q1,2022 Jul,"2022 Jul, 24",202207
20220725,7/25/2022,FY2023,FY2023 Q1,2022 Jul,"2022 Jul, 25",202207
20220726,7/26/2022,FY2023,FY2023 Q1,2022 Jul,"2022 Jul, 26",202207
20220727,7/27/2022,FY2023,FY2023 Q1,2022 Jul,"2022 Jul, 27",202207
20220728,7/28/2022,FY2023,FY2023 Q1,2022 Jul,"2022 Jul, 28",202207
20220729,7/29/2022,FY2023,FY2023 Q1,2022 Jul,"2022 Jul, 29",202207
20220730,7/30/2022,FY2023,FY2023 Q1,2022 Jul,"2022 Jul, 30",202207
20220731,7/31/2022,FY2023,FY2023 Q1,2022 Jul,"2022 Jul, 31",202207
20220801,8/1/2022,FY2023,FY2023 Q1,2022 Aug,"2022 Aug, 01",202208
20220802,8/2/2022,FY2023,FY2023 Q1,2022 Aug,"2022 Aug, 02",202208
20220803,8/3/2022,FY2023,FY2023 Q1,2022 Aug,"2022 Aug, 03",202208
20220804,8/4/2022,FY2023,FY2023 Q1,2022 Aug,"2022 Aug, 04",202208
20220805,8/5/2022,FY2023,FY2023 Q1,2022 Aug,"2022 Aug, 05",202208
20220806,8/6/2022,FY2023,FY2023 Q1,2022 Aug,"2022 Aug, 06",202208
20220807,8/7/2022,FY2023,FY2023 Q1,2022 Aug,"2022 Aug, 07",202208
20220808,8/8/2022,FY2023,FY2023 Q1,2022 Aug,"2022 Aug, 08",202208
20220809,8/9/2022,FY2023,FY2023 Q1,2022 Aug,"2022 Aug, 09",202208
20220810,8/10/2022,FY2023,FY2023 Q1,2022 Aug,"2022 Aug, 10",202208
20220811,8/11/2022,FY2023,FY2023 Q1,2022 Aug,"2022 Aug, 11",202208
20220812,8/12/2022,FY2023,FY2023 Q1,2022 Aug,"2022 Aug, 12",202208
20220813,8/13/2022,FY2023,FY2023 Q1,2022 Aug,"2022 Aug, 13",202208
20220814,8/14/2022,FY2023,FY2023 Q1,2022 Aug,"2022 Aug, 14",202208
20220815,8/15/2022,FY2023,FY2023 Q1,2022 Aug,"2022 Aug, 15",202208
20220816,8/16/2022,FY2023,FY2023 Q1,2022 Aug,"2022 Aug, 16",202208
20220817,8/17/2022,FY2023,FY2023 Q1,2022 Aug,"2022 Aug, 17",202208
20220818,8/18/2022,FY2023,FY2023 Q1,2022 Aug,"2022 Aug, 18",202208
20220819,8/19/2022,FY2023,FY2023 Q1,2022 Aug,"2022 Aug, 19",202208
20220820,8/20/2022,FY2023,FY2023 Q1,2022 Aug,"2022 Aug, 20",202208
20220821,8/21/2022,FY2023,FY2023 Q1,2022 Aug,"2022 Aug, 21",202208
20220822,8/22/2022,FY2023,FY2023 Q1,2022 Aug,"2022 Aug, 22",202208
20220823,8/23/2022,FY2023,FY2023 Q1,2022 Aug,"2022 Aug, 23",202208
20220824,8/24/2022,FY2023,FY2023 Q1,2022 Aug,"2022 Aug, 24",202208
20220825,8/25/2022,FY2023,FY2023 Q1,2022 Aug,"2022 Aug, 25",202208
20220826,8/26/2022,FY2023,FY2023 Q1,2022 Aug,"2022 Aug, 26",202208
20220827,8/27/2022,FY2023,FY2023 Q1,2022 Aug,"2022 Aug, 27",202208
20220828,8/28/2022,FY2023,FY2023 Q1,2022 Aug,"2022 Aug, 28",202208
20220829,8/29/2022,FY2023,FY2023 Q1,2022 Aug,"2022 Aug, 29",202208
20220830,8/30/2022,FY2023,FY2023 Q1,2022 Aug,"2022 Aug, 30",202208
20220831,8/31/2022,FY2023,FY2023 Q1,2022 Aug,"2022 Aug, 31",202208
20220901,9/1/2022,FY2023,FY2023 Q1,2022 Sep,"2022 Sep, 01",202209
20220902,9/2/2022,FY2023,FY2023 Q1,2022 Sep,"2022 Sep, 02",202209
20220903,9/3/2022,FY2023,FY2023 Q1,2022 Sep,"2022 Sep, 03",202209
20220904,9/4/2022,FY2023,FY2023 Q1,2022 Sep,"2022 Sep, 04",202209
20220905,9/5/2022,FY2023,FY2023 Q1,2022 Sep,"2022 Sep, 05",202209
20220906,9/6/2022,FY2023,FY2023 Q1,2022 Sep,"2022 Sep, 06",202209
20220907,9/7/2022,FY2023,FY2023 Q1,2022 Sep,"2022 Sep, 07",202209
20220908,9/8/2022,FY2023,FY2023 Q1,2022 Sep,"2022 Sep, 08",202209
20220909,9/9/2022,FY2023,FY2023 Q1,2022 Sep,"2022 Sep, 09",202209
20220910,9/10/2022,FY2023,FY2023 Q1,2022 Sep,"2022 Sep, 10",202209
20220911,9/11/2022,FY2023,FY2023 Q1,2022 Sep,"2022 Sep, 11",202209
20220912,9/12/2022,FY2023,FY2023 Q1,2022 Sep,"2022 Sep, 12",202209
20220913,9/13/2022,FY2023,FY2023 Q1,2022 Sep,"2022 Sep, 13",202209
20220914,9/14/2022,FY2023,FY2023 Q1,2022 Sep,"2022 Sep, 14",202209
20220915,9/15/2022,FY2023,FY2023 Q1,2022 Sep,"2022 Sep, 15",202209
20220916,9/16/2022,FY2023,FY2023 Q1,2022 Sep,"2022 Sep, 16",202209
20220917,9/17/2022,FY2023,FY2023 Q1,2022 Sep,"2022 Sep, 17",202209
20220918,9/18/2022,FY2023,FY2023 Q1,2022 Sep,"2022 Sep, 18",202209
20220919,9/19/2022,FY2023,FY2023 Q1,2022 Sep,"2022 Sep, 19",202209
20220920,9/20/2022,FY2023,FY2023 Q1,2022 Sep,"2022 Sep, 20",202209
20220921,9/21/2022,FY2023,FY2023 Q1,2022 Sep,"2022 Sep, 21",202209
20220922,9/22/2022,FY2023,FY2023 Q1,2022 Sep,"2022 Sep, 22",202209
20220923,9/23/2022,FY2023,FY2023 Q1,2022 Sep,"2022 Sep, 23",202209
20220924,9/24/2022,FY2023,FY2023 Q1,2022 Sep,"2022 Sep, 24",202209
20220925,9/25/2022,FY2023,FY2023 Q1,2022 Sep,"2022 Sep, 25",202209
20220926,9/26/2022,FY2023,FY2023 Q1,2022 Sep,"2022 Sep, 26",202209
20220927,9/27/2022,FY2023,FY2023 Q1,2022 Sep,"2022 Sep, 27",202209
20220928,9/28/2022,FY2023,FY2023 Q1,2022 Sep,"2022 Sep, 28",202209
20220929,9/29/2022,FY2023,FY2023 Q1,2022 Sep,"2022 Sep, 29",202209
20220930,9/30/2022,FY2023,FY2023 Q1,2022 Sep,"2022 Sep, 30",202209
20221001,10/1/2022,FY2023,FY2023 Q2,2022 Oct,"2022 Oct, 01",202210
20221002,10/2/2022,FY2023,FY2023 Q2,2022 Oct,"2022 Oct, 02",202210
20221003,10/3/2022,FY2023,FY2023 Q2,2022 Oct,"2022 Oct, 03",202210
20221004,10/4/2022,FY2023,FY2023 Q2,2022 Oct,"2022 Oct, 04",202210
20221005,10/5/2022,FY2023,FY2023 Q2,2022 Oct,"2022 Oct, 05",202210
20221006,10/6/2022,FY2023,FY2023 Q2,2022 Oct,"2022 Oct, 06",202210
20221007,10/7/2022,FY2023,FY2023 Q2,2022 Oct,"2022 Oct, 07",202210
20221008,10/8/2022,FY2023,FY2023 Q2,2022 Oct,"2022 Oct, 08",202210
20221009,10/9/2022,FY2023,FY2023 Q2,2022 Oct,"2022 Oct, 09",202210
20221010,10/10/2022,FY2023,FY2023 Q2,2022 Oct,"2022 Oct, 10",202210
20221011,10/11/2022,FY2023,FY2023 Q2,2022 Oct,"2022 Oct, 11",202210
20221012,10/12/2022,FY2023,FY2023 Q2,2022 Oct,"2022 Oct, 12",202210
20221013,10/13/2022,FY2023,FY2023 Q2,2022 Oct,"2022 Oct, 13",202210
20221014,10/14/2022,FY2023,FY2023 Q2,2022 Oct,"2022 Oct, 14",202210
20221015,10/15/2022,FY2023,FY2023 Q2,2022 Oct,"2022 Oct, 15",202210
20221016,10/16/2022,FY2023,FY2023 Q2,2022 Oct,"2022 Oct, 16",202210
20221017,10/17/2022,FY2023,FY2023 Q2,2022 Oct,"2022 Oct, 17",202210
20221018,10/18/2022,FY2023,FY2023 Q2,2022 Oct,"2022 Oct, 18",202210
20221019,10/19/2022,FY2023,FY2023 Q2,2022 Oct,"2022 Oct, 19",202210
20221020,10/20/2022,FY2023,FY2023 Q2,2022 Oct,"2022 Oct, 20",202210
20221021,10/21/2022,FY2023,FY2023 Q2,2022 Oct,"2022 Oct, 21",202210
20221022,10/22/2022,FY2023,FY2023 Q2,2022 Oct,"2022 Oct, 22",202210
20221023,10/23/2022,FY2023,FY2023 Q2,2022 Oct,"2022 Oct, 23",202210
20221024,10/24/2022,FY2023,FY2023 Q2,2022 Oct,"2022 Oct, 24",202210
20221025,10/25/2022,FY2023,FY2023 Q2,2022 Oct,"2022 Oct, 25",202210
20221026,10/26/2022,FY2023,FY2023 Q2,2022 Oct,"2022 Oct, 26",202210
20221027,10/27/2022,FY2023,FY2023 Q2,2022 Oct,"2022 Oct, 27",202210
20221028,10/28/2022,FY2023,FY2023 Q2,2022 Oct,"2022 Oct, 28",202210
20221029,10/29/2022,FY2023,FY2023 Q2,2022 Oct,"2022 Oct, 29",202210
20221030,10/30/2022,FY2023,FY2023 Q2,2022 Oct,"2022 Oct, 30",202210
20221031,10/31/2022,FY2023,FY2023 Q2,2022 Oct,"2022 Oct, 31",202210
20221101,11/1/2022,FY2023,FY2023 Q2,2022 Nov,"2022 Nov, 01",202211
20221102,11/2/2022,FY2023,FY2023 Q2,2022 Nov,"2022 Nov, 02",202211
20221103,11/3/2022,FY2023,FY2023 Q2,2022 Nov,"2022 Nov, 03",202211
20221104,11/4/2022,FY2023,FY2023 Q2,2022 Nov,"2022 Nov, 04",202211
20221105,11/5/2022,FY2023,FY2023 Q2,2022 Nov,"2022 Nov, 05",202211
20221106,11/6/2022,FY2023,FY2023 Q2,2022 Nov,"2022 Nov, 06",202211
20221107,11/7/2022,FY2023,FY2023 Q2,2022 Nov,"2022 Nov, 07",202211
20221108,11/8/2022,FY2023,FY2023 Q2,2022 Nov,"2022 Nov, 08",202211
20221109,11/9/2022,FY2023,FY2023 Q2,2022 Nov,"2022 Nov, 09",202211
20221110,11/10/2022,FY2023,FY2023 Q2,2022 Nov,"2022 Nov, 10",202211
20221111,11/11/2022,FY2023,FY2023 Q2,2022 Nov,"2022 Nov, 11",202211
20221112,11/12/2022,FY2023,FY2023 Q2,2022 Nov,"2022 Nov, 12",202211
20221113,11/13/2022,FY2023,FY2023 Q2,2022 Nov,"2022 Nov, 13",202211
20221114,11/14/2022,FY2023,FY2023 Q2,2022 Nov,"2022 Nov, 14",202211
20221115,11/15/2022,FY2023,FY2023 Q2,2022 Nov,"2022 Nov, 15",202211
20221116,11/16/2022,FY2023,FY2023 Q2,2022 Nov,"2022 Nov, 16",202211
20221117,11/17/2022,FY2023,FY2023 Q2,2022 Nov,"2022 Nov, 17",202211
20221118,11/18/2022,FY2023,FY2023 Q2,2022 Nov,"2022 Nov, 18",202211
20221119,11/19/2022,FY2023,FY2023 Q2,2022 Nov,"2022 Nov, 19",202211
20221120,11/20/2022,FY2023,FY2023 Q2,2022 Nov,"2022 Nov, 20",202211
20221121,11/21/2022,FY2023,FY2023 Q2,2022 Nov,"2022 Nov, 21",202211
20221122,11/22/2022,FY2023,FY2023 Q2,2022 Nov,"2022 Nov, 22",202211
20221123,11/23/2022,FY2023,FY2023 Q2,2022 Nov,"2022 Nov, 23",202211
20221124,11/24/2022,FY2023,FY2023 Q2,2022 Nov,"2022 Nov, 24",202211
20221125,11/25/2022,FY2023,FY2023 Q2,2022 Nov,"2022 Nov, 25",202211
20221126,11/26/2022,FY2023,FY2023 Q2,2022 Nov,"2022 Nov, 26",202211
20221127,11/27/2022,FY2023,FY2023 Q2,2022 Nov,"2022 Nov, 27",202211
20221128,11/28/2022,FY2023,FY2023 Q2,2022 Nov,"2022 Nov, 28",202211
20221129,11/29/2022,FY2023,FY2023 Q2,2022 Nov,"2022 Nov, 29",202211
20221130,11/30/2022,FY2023,FY2023 Q2,2022 Nov,"2022 Nov, 30",202211
20221201,12/1/2022,FY2023,FY2023 Q2,2022 Dec,"2022 Dec, 01",202212
20221202,12/2/2022,FY2023,FY2023 Q2,2022 Dec,"2022 Dec, 02",202212
20221203,12/3/2022,FY2023,FY2023 Q2,2022 Dec,"2022 Dec, 03",202212
20221204,12/4/2022,FY2023,FY2023 Q2,2022 Dec,"2022 Dec, 04",202212
20221205,12/5/2022,FY2023,FY2023 Q2,2022 Dec,"2022 Dec, 05",202212
20221206,12/6/2022,FY2023,FY2023 Q2,2022 Dec,"2022 Dec, 06",202212
20221207,12/7/2022,FY2023,FY2023 Q2,2022 Dec,"2022 Dec, 07",202212
20221208,12/8/2022,FY2023,FY2023 Q2,2022 Dec,"2022 Dec, 08",202212
20221209,12/9/2022,FY2023,FY2023 Q2,2022 Dec,"2022 Dec, 09",202212
20221210,12/10/2022,FY2023,FY2023 Q2,2022 Dec,"2022 Dec, 10",202212
20221211,12/11/2022,FY2023,FY2023 Q2,2022 Dec,"2022 Dec, 11",202212
20221212,12/12/2022,FY2023,FY2023 Q2,2022 Dec,"2022 Dec, 12",202212
20221213,12/13/2022,FY2023,FY2023 Q2,2022 Dec,"2022 Dec, 13",202212
20221214,12/14/2022,FY2023,FY2023 Q2,2022 Dec,"2022 Dec, 14",202212
20221215,12/15/2022,FY2023,FY2023 Q2,2022 Dec,"2022 Dec, 15",202212
20221216,12/16/2022,FY2023,FY2023 Q2,2022 Dec,"2022 Dec, 16",202212
20221217,12/17/2022,FY2023,FY2023 Q2,2022 Dec,"2022 Dec, 17",202212
20221218,12/18/2022,FY2023,FY2023 Q2,2022 Dec,"2022 Dec, 18",202212
20221219,12/19/2022,FY2023,FY2023 Q2,2022 Dec,"2022 Dec, 19",202212
20221220,12/20/2022,FY2023,FY2023 Q2,2022 Dec,"2022 Dec, 20",202212
20221221,12/21/2022,FY2023,FY2023 Q2,2022 Dec,"2022 Dec, 21",202212
20221222,12/22/2022,FY2023,FY2023 Q2,2022 Dec,"2022 Dec, 22",202212
20221223,12/23/2022,FY2023,FY2023 Q2,2022 Dec,"2022 Dec, 23",202212
20221224,12/24/2022,FY2023,FY2023 Q2,2022 Dec,"2022 Dec, 24",202212
20221225,12/25/2022,FY2023,FY2023 Q2,2022 Dec,"2022 Dec, 25",202212
20221226,12/26/2022,FY2023,FY2023 Q2,2022 Dec,"2022 Dec, 26",202212
20221227,12/27/2022,FY2023,FY2023 Q2,2022 Dec,"2022 Dec, 27",202212
20221228,12/28/2022,FY2023,FY2023 Q2,2022 Dec,"2022 Dec, 28",202212
20221229,12/29/2022,FY2023,FY2023 Q2,2022 Dec,"2022 Dec, 29",202212
20221230,12/30/2022,FY2023,FY2023 Q2,2022 Dec,"2022 Dec, 30",202212
20221231,12/31/2022,FY2023,FY2023 Q2,2022 Dec,"2022 Dec, 31",202212
20230101,1/1/2023,FY2023,FY2023 Q3,2023 Jan,"2023 Jan, 01",202301
20230102,1/2/2023,FY2023,FY2023 Q3,2023 Jan,"2023 Jan, 02",202301
20230103,1/3/2023,FY2023,FY2023 Q3,2023 Jan,"2023 Jan, 03",202301
20230104,1/4/2023,FY2023,FY2023 Q3,2023 Jan,"2023 Jan, 04",202301
20230105,1/5/2023,FY2023,FY2023 Q3,2023 Jan,"2023 Jan, 05",202301
20230106,1/6/2023,FY2023,FY2023 Q3,2023 Jan,"2023 Jan, 06",202301
20230107,1/7/2023,FY2023,FY2023 Q3,2023 Jan,"2023 Jan, 07",202301
20230108,1/8/2023,FY2023,FY2023 Q3,2023 Jan,"2023 Jan, 08",202301
20230109,1/9/2023,FY2023,FY2023 Q3,2023 Jan,"2023 Jan, 09",202301
20230110,1/10/2023,FY2023,FY2023 Q3,2023 Jan,"2023 Jan, 10",202301
20230111,1/11/2023,FY2023,FY2023 Q3,2023 Jan,"2023 Jan, 11",202301
20230112,1/12/2023,FY2023,FY2023 Q3,2023 Jan,"2023 Jan, 12",202301
20230113,1/13/2023,FY2023,FY2023 Q3,2023 Jan,"2023 Jan, 13",202301
20230114,1/14/2023,FY2023,FY2023 Q3,2023 Jan,"2023 Jan, 14",202301
20230115,1/15/2023,FY2023,FY2023 Q3,2023 Jan,"2023 Jan, 15",202301
20230116,1/16/2023,FY2023,FY2023 Q3,2023 Jan,"2023 Jan, 16",202301
20230117,1/17/2023,FY2023,FY2023 Q3,2023 Jan,"2023 Jan, 17",202301
20230118,1/18/2023,FY2023,FY2023 Q3,2023 Jan,"2023 Jan, 18",202301
20230119,1/19/2023,FY2023,FY2023 Q3,2023 Jan,"2023 Jan, 19",202301
20230120,1/20/2023,FY2023,FY2023 Q3,2023 Jan,"2023 Jan, 20",202301
20230121,1/21/2023,FY2023,FY2023 Q3,2023 Jan,"2023 Jan, 21",202301
20230122,1/22/2023,FY2023,FY2023 Q3,2023 Jan,"2023 Jan, 22",202301
20230123,1/23/2023,FY2023,FY2023 Q3,2023 Jan,"2023 Jan, 23",202301
20230124,1/24/2023,FY2023,FY2023 Q3,2023 Jan,"2023 Jan, 24",202301
20230125,1/25/2023,FY2023,FY2023 Q3,2023 Jan,"2023 Jan, 25",202301
20230126,1/26/2023,FY2023,FY2023 Q3,2023 Jan,"2023 Jan, 26",202301
20230127,1/27/2023,FY2023,FY2023 Q3,2023 Jan,"2023 Jan, 27",202301
20230128,1/28/2023,FY2023,FY2023 Q3,2023 Jan,"2023 Jan, 28",202301
20230129,1/29/2023,FY2023,FY2023 Q3,2023 Jan,"2023 Jan, 29",202301
20230130,1/30/2023,FY2023,FY2023 Q3,2023 Jan,"2023 Jan, 30",202301
20230131,1/31/2023,FY2023,FY2023 Q3,2023 Jan,"2023 Jan, 31",202301
20230201,2/1/2023,FY2023,FY2023 Q3,2023 Feb,"2023 Feb, 01",202302
20230202,2/2/2023,FY2023,FY2023 Q3,2023 Feb,"2023 Feb, 02",202302
20230203,2/3/2023,FY2023,FY2023 Q3,2023 Feb,"2023 Feb, 03",202302
20230204,2/4/2023,FY2023,FY2023 Q3,2023 Feb,"2023 Feb, 04",202302
20230205,2/5/2023,FY2023,FY2023 Q3,2023 Feb,"2023 Feb, 05",202302
20230206,2/6/2023,FY2023,FY2023 Q3,2023 Feb,"2023 Feb, 06",202302
20230207,2/7/2023,FY2023,FY2023 Q3,2023 Feb,"2023 Feb, 07",202302
20230208,2/8/2023,FY2023,FY2023 Q3,2023 Feb,"2023 Feb, 08",202302
20230209,2/9/2023,FY2023,FY2023 Q3,2023 Feb,"2023 Feb, 09",202302
20230210,2/10/2023,FY2023,FY2023 Q3,2023 Feb,"2023 Feb, 10",202302
20230211,2/11/2023,FY2023,FY2023 Q3,2023 Feb,"2023 Feb, 11",202302
20230212,2/12/2023,FY2023,FY2023 Q3,2023 Feb,"2023 Feb, 12",202302
20230213,2/13/2023,FY2023,FY2023 Q3,2023 Feb,"2023 Feb, 13",202302
20230214,2/14/2023,FY2023,FY2023 Q3,2023 Feb,"2023 Feb, 14",202302
20230215,2/15/2023,FY2023,FY2023 Q3,2023 Feb,"2023 Feb, 15",202302
20230216,2/16/2023,FY2023,FY2023 Q3,2023 Feb,"2023 Feb, 16",202302
20230217,2/17/2023,FY2023,FY2023 Q3,2023 Feb,"2023 Feb, 17",202302
20230218,2/18/2023,FY2023,FY2023 Q3,2023 Feb,"2023 Feb, 18",202302
20230219,2/19/2023,FY2023,FY2023 Q3,2023 Feb,"2023 Feb, 19",202302
20230220,2/20/2023,FY2023,FY2023 Q3,2023 Feb,"2023 Feb, 20",202302
20230221,2/21/2023,FY2023,FY2023 Q3,2023 Feb,"2023 Feb, 21",202302
20230222,2/22/2023,FY2023,FY2023 Q3,2023 Feb,"2023 Feb, 22",202302
20230223,2/23/2023,FY2023,FY2023 Q3,2023 Feb,"2023 Feb, 23",202302
20230224,2/24/2023,FY2023,FY2023 Q3,2023 Feb,"2023 Feb, 24",202302
20230225,2/25/2023,FY2023,FY2023 Q3,2023 Feb,"2023 Feb, 25",202302
20230226,2/26/2023,FY2023,FY2023 Q3,2023 Feb,"2023 Feb, 26",202302
20230227,2/27/2023,FY2023,FY2023 Q3,2023 Feb,"2023 Feb, 27",202302
20230228,2/28/2023,FY2023,FY2023 Q3,2023 Feb,"2023 Feb, 28",202302
20230301,3/1/2023,FY2023,FY2023 Q3,2023 Mar,"2023 Mar, 01",202303
20230302,3/2/2023,FY2023,FY2023 Q3,2023 Mar,"2023 Mar, 02",202303
20230303,3/3/2023,FY2023,FY2023 Q3,2023 Mar,"2023 Mar, 03",202303
20230304,3/4/2023,FY2023,FY2023 Q3,2023 Mar,"2023 Mar, 04",202303
20230305,3/5/2023,FY2023,FY2023 Q3,2023 Mar,"2023 Mar, 05",202303
20230306,3/6/2023,FY2023,FY2023 Q3,2023 Mar,"2023 Mar, 06",202303
20230307,3/7/2023,FY2023,FY2023 Q3,2023 Mar,"2023 Mar, 07",202303
20230308,3/8/2023,FY2023,FY2023 Q3,2023 Mar,"2023 Mar, 08",202303
20230309,3/9/2023,FY2023,FY2023 Q3,2023 Mar,"2023 Mar, 09",202303
20230310,3/10/2023,FY2023,FY2023 Q3,2023 Mar,"2023 Mar, 10",202303
20230311,3/11/2023,FY2023,FY2023 Q3,2023 Mar,"2023 Mar, 11",202303
20230312,3/12/2023,FY2023,FY2023 Q3,2023 Mar,"2023 Mar, 12",202303
20230313,3/13/2023,FY2023,FY2023 Q3,2023 Mar,"2023 Mar, 13",202303
20230314,3/14/2023,FY2023,FY2023 Q3,2023 Mar,"2023 Mar, 14",202303
20230315,3/15/2023,FY2023,FY2023 Q3,2023 Mar,"2023 Mar, 15",202303
20230316,3/16/2023,FY2023,FY2023 Q3,2023 Mar,"2023 Mar, 16",202303
20230317,3/17/2023,FY2023,FY2023 Q3,2023 Mar,"2023 Mar, 17",202303
20230318,3/18/2023,FY2023,FY2023 Q3,2023 Mar,"2023 Mar, 18",202303
20230319,3/19/2023,FY2023,FY2023 Q3,2023 Mar,"2023 Mar, 19",202303
20230320,3/20/2023,FY2023,FY2023 Q3,2023 Mar,"2023 Mar, 20",202303
20230321,3/21/2023,FY2023,FY2023 Q3,2023 Mar,"2023 Mar, 21",202303
20230322,3/22/2023,FY2023,FY2023 Q3,2023 Mar,"2023 Mar, 22",202303
20230323,3/23/2023,FY2023,FY2023 Q3,2023 Mar,"2023 Mar, 23",202303
20230324,3/24/2023,FY2023,FY2023 Q3,2023 Mar,"2023 Mar, 24",202303
20230325,3/25/2023,FY2023,FY2023 Q3,2023 Mar,"2023 Mar, 25",202303
20230326,3/26/2023,FY2023,FY2023 Q3,2023 Mar,"2023 Mar, 26",202303
20230327,3/27/2023,FY2023,FY2023 Q3,2023 Mar,"2023 Mar, 27",202303
20230328,3/28/2023,FY2023,FY2023 Q3,2023 Mar,"2023 Mar, 28",202303
20230329,3/29/2023,FY2023,FY2023 Q3,2023 Mar,"2023 Mar, 29",202303
20230330,3/30/2023,FY2023,FY2023 Q3,2023 Mar,"2023 Mar, 30",202303
20230331,3/31/2023,FY2023,FY2023 Q3,2023 Mar,"2023 Mar, 31",202303
20230401,4/1/2023,FY2023,FY2023 Q4,2023 Apr,"2023 Apr, 01",202304
20230402,4/2/2023,FY2023,FY2023 Q4,2023 Apr,"2023 Apr, 02",202304
20230403,4/3/2023,FY2023,FY2023 Q4,2023 Apr,"2023 Apr, 03",202304
20230404,4/4/2023,FY2023,FY2023 Q4,2023 Apr,"2023 Apr, 04",202304
20230405,4/5/2023,FY2023,FY2023 Q4,2023 Apr,"2023 Apr, 05",202304
20230406,4/6/2023,FY2023,FY2023 Q4,2023 Apr,"2023 Apr, 06",202304
20230407,4/7/2023,FY2023,FY2023 Q4,2023 Apr,"2023 Apr, 07",202304
20230408,4/8/2023,FY2023,FY2023 Q4,2023 Apr,"2023 Apr, 08",202304
20230409,4/9/2023,FY2023,FY2023 Q4,2023 Apr,"2023 Apr, 09",202304
20230410,4/10/2023,FY2023,FY2023 Q4,2023 Apr,"2023 Apr, 10",202304
20230411,4/11/2023,FY2023,FY2023 Q4,2023 Apr,"2023 Apr, 11",202304
20230412,4/12/2023,FY2023,FY2023 Q4,2023 Apr,"2023 Apr, 12",202304
20230413,4/13/2023,FY2023,FY2023 Q4,2023 Apr,"2023 Apr, 13",202304
20230414,4/14/2023,FY2023,FY2023 Q4,2023 Apr,"2023 Apr, 14",202304
20230415,4/15/2023,FY2023,FY2023 Q4,2023 Apr,"2023 Apr, 15",202304
20230416,4/16/2023,FY2023,FY2023 Q4,2023 Apr,"2023 Apr, 16",202304
20230417,4/17/2023,FY2023,FY2023 Q4,2023 Apr,"2023 Apr, 17",202304
20230418,4/18/2023,FY2023,FY2023 Q4,2023 Apr,"2023 Apr, 18",202304
20230419,4/19/2023,FY2023,FY2023 Q4,2023 Apr,"2023 Apr, 19",202304
20230420,4/20/2023,FY2023,FY2023 Q4,2023 Apr,"2023 Apr, 20",202304
20230421,4/21/2023,FY2023,FY2023 Q4,2023 Apr,"2023 Apr, 21",202304
20230422,4/22/2023,FY2023,FY2023 Q4,2023 Apr,"2023 Apr, 22",202304
20230423,4/23/2023,FY2023,FY2023 Q4,2023 Apr,"2023 Apr, 23",202304
20230424,4/24/2023,FY2023,FY2023 Q4,2023 Apr,"2023 Apr, 24",202304
20230425,4/25/2023,FY2023,FY2023 Q4,2023 Apr,"2023 Apr, 25",202304
20230426,4/26/2023,FY2023,FY2023 Q4,2023 Apr,"2023 Apr, 26",202304
20230427,4/27/2023,FY2023,FY2023 Q4,2023 Apr,"2023 Apr, 27",202304
20230428,4/28/2023,FY2023,FY2023 Q4,2023 Apr,"2023 Apr, 28",202304
20230429,4/29/2023,FY2023,FY2023 Q4,2023 Apr,"2023 Apr, 29",202304
20230430,4/30/2023,FY2023,FY2023 Q4,2023 Apr,"2023 Apr, 30",202304
20230501,5/1/2023,FY2023,FY2023 Q4,2023 May,"2023 May, 01",202305
20230502,5/2/2023,FY2023,FY2023 Q4,2023 May,"2023 May, 02",202305
20230503,5/3/2023,FY2023,FY2023 Q4,2023 May,"2023 May, 03",202305
20230504,5/4/2023,FY2023,FY2023 Q4,2023 May,"2023 May, 04",202305
20230505,5/5/2023,FY2023,FY2023 Q4,2023 May,"2023 May, 05",202305
20230506,5/6/2023,FY2023,FY2023 Q4,2023 May,"2023 May, 06",202305
20230507,5/7/2023,FY2023,FY2023 Q4,2023 May,"2023 May, 07",202305
20230508,5/8/2023,FY2023,FY2023 Q4,2023 May,"2023 May, 08",202305
20230509,5/9/2023,FY2023,FY2023 Q4,2023 May,"2023 May, 09",202305
20230510,5/10/2023,FY2023,FY2023 Q4,2023 May,"2023 May, 10",202305
20230511,5/11/2023,FY2023,FY2023 Q4,2023 May,"2023 May, 11",202305
20230512,5/12/2023,FY2023,FY2023 Q4,2023 May,"2023 May, 12",202305
20230513,5/13/2023,FY2023,FY2023 Q4,2023 May,"2023 May, 13",202305
20230514,5/14/2023,FY2023,FY2023 Q4,2023 May,"2023 May, 14",202305
20230515,5/15/2023,FY2023,FY2023 Q4,2023 May,"2023 May, 15",202305
20230516,5/16/2023,FY2023,FY2023 Q4,2023 May,"2023 May, 16",202305
20230517,5/17/2023,FY2023,FY2023 Q4,2023 May,"2023 May, 17",202305
20230518,5/18/2023,FY2023,FY2023 Q4,2023 May,"2023 May, 18",202305
20230519,5/19/2023,FY2023,FY2023 Q4,2023 May,"2023 May, 19",202305
20230520,5/20/2023,FY2023,FY2023 Q4,2023 May,"2023 May, 20",202305
20230521,5/21/2023,FY2023,FY2023 Q4,2023 May,"2023 May, 21",202305
20230522,5/22/2023,FY2023,FY2023 Q4,2023 May,"2023 May, 22",202305
20230523,5/23/2023,FY2023,FY2023 Q4,2023 May,"2023 May, 23",202305
20230524,5/24/2023,FY2023,FY2023 Q4,2023 May,"2023 May, 24",202305
20230525,5/25/2023,FY2023,FY2023 Q4,2023 May,"2023 May, 25",202305
20230526,5/26/2023,FY2023,FY2023 Q4,2023 May,"2023 May, 26",202305
20230527,5/27/2023,FY2023,FY2023 Q4,2023 May,"2023 May, 27",202305
20230528,5/28/2023,FY2023,FY2023 Q4,2023 May,"2023 May, 28",202305
20230529,5/29/2023,FY2023,FY2023 Q4,2023 May,"2023 May, 29",202305
20230530,5/30/2023,FY2023,FY2023 Q4,2023 May,"2023 May, 30",202305
20230531,5/31/2023,FY2023,FY2023 Q4,2023 May,"2023 May, 31",202305
20230601,6/1/2023,FY2023,FY2023 Q4,2023 Jun,"2023 Jun, 01",202306
20230602,6/2/2023,FY2023,FY2023 Q4,2023 Jun,"2023 Jun, 02",202306
20230603,6/3/2023,FY2023,FY2023 Q4,2023 Jun,"2023 Jun, 03",202306
20230604,6/4/2023,FY2023,FY2023 Q4,2023 Jun,"2023 Jun, 04",202306
20230605,6/5/2023,FY2023,FY2023 Q4,2023 Jun,"2023 Jun, 05",202306
20230606,6/6/2023,FY2023,FY2023 Q4,2023 Jun,"2023 Jun, 06",202306
20230607,6/7/2023,FY2023,FY2023 Q4,2023 Jun,"2023 Jun, 07",202306
20230608,6/8/2023,FY2023,FY2023 Q4,2023 Jun,"2023 Jun, 08",202306
20230609,6/9/2023,FY2023,FY2023 Q4,2023 Jun,"2023 Jun, 09",202306
20230610,6/10/2023,FY2023,FY2023 Q4,2023 Jun,"2023 Jun, 10",202306
20230611,6/11/2023,FY2023,FY2023 Q4,2023 Jun,"2023 Jun, 11",202306
20230612,6/12/2023,FY2023,FY2023 Q4,2023 Jun,"2023 Jun, 12",202306
20230613,6/13/2023,FY2023,FY2023 Q4,2023 Jun,"2023 Jun, 13",202306
20230614,6/14/2023,FY2023,FY2023 Q4,2023 Jun,"2023 Jun, 14",202306
20230615,6/15/2023,FY2023,FY2023 Q4,2023 Jun,"2023 Jun, 15",202306
20230616,6/16/2023,FY2023,FY2023 Q4,2023 Jun,"2023 Jun, 16",202306
20230617,6/17/2023,FY2023,FY2023 Q4,2023 Jun,"2023 Jun, 17",202306
20230618,6/18/2023,FY2023,FY2023 Q4,2023 Jun,"2023 Jun, 18",202306
20230619,6/19/2023,FY2023,FY2023 Q4,2023 Jun,"2023 Jun, 19",202306
20230620,6/20/2023,FY2023,FY2023 Q4,2023 Jun,"2023 Jun, 20",202306
20230621,6/21/2023,FY2023,FY2023 Q4,2023 Jun,"2023 Jun, 21",202306
20230622,6/22/2023,FY2023,FY2023 Q4,2023 Jun,"2023 Jun, 22",202306
20230623,6/23/2023,FY2023,FY2023 Q4,2023 Jun,"2023 Jun, 23",202306
20230624,6/24/2023,FY2023,FY2023 Q4,2023 Jun,"2023 Jun, 24",202306
20230625,6/25/2023,FY2023,FY2023 Q4,2023 Jun,"2023 Jun, 25",202306
20230626,6/26/2023,FY2023,FY2023 Q4,2023 Jun,"2023 Jun, 26",202306
20230627,6/27/2023,FY2023,FY2023 Q4,2023 Jun,"2023 Jun, 27",202306
20230628,6/28/2023,FY2023,FY2023 Q4,2023 Jun,"2023 Jun, 28",202306
20230629,6/29/2023,FY2023,FY2023 Q4,2023 Jun,"2023 Jun, 29",202306
20230630,6/30/2023,FY2023,FY2023 Q4,2023 Jun,"2023 Jun, 30",202306
20230701,7/1/2023,FY2024,FY2024 Q1,2023 Jul,"2023 Jul, 01",202307
20230702,7/2/2023,FY2024,FY2024 Q1,2023 Jul,"2023 Jul, 02",202307
20230703,7/3/2023,FY2024,FY2024 Q1,2023 Jul,"2023 Jul, 03",202307
20230704,7/4/2023,FY2024,FY2024 Q1,2023 Jul,"2023 Jul, 04",202307
20230705,7/5/2023,FY2024,FY2024 Q1,2023 Jul,"2023 Jul, 05",202307
20230706,7/6/2023,FY2024,FY2024 Q1,2023 Jul,"2023 Jul, 06",202307
20230707,7/7/2023,FY2024,FY2024 Q1,2023 Jul,"2023 Jul, 07",202307
20230708,7/8/2023,FY2024,FY2024 Q1,2023 Jul,"2023 Jul, 08",202307
20230709,7/9/2023,FY2024,FY2024 Q1,2023 Jul,"2023 Jul, 09",202307
20230710,7/10/2023,FY2024,FY2024 Q1,2023 Jul,"2023 Jul, 10",202307
20230711,7/11/2023,FY2024,FY2024 Q1,2023 Jul,"2023 Jul, 11",202307
20230712,7/12/2023,FY2024,FY2024 Q1,2023 Jul,"2023 Jul, 12",202307
20230713,7/13/2023,FY2024,FY2024 Q1,2023 Jul,"2023 Jul, 13",202307
20230714,7/14/2023,FY2024,FY2024 Q1,2023 Jul,"2023 Jul, 14",202307
20230715,7/15/2023,FY2024,FY2024 Q1,2023 Jul,"2023 Jul, 15",202307
20230716,7/16/2023,FY2024,FY2024 Q1,2023 Jul,"2023 Jul, 16",202307
20230717,7/17/2023,FY2024,FY2024 Q1,2023 Jul,"2023 Jul, 17",202307
20230718,7/18/2023,FY2024,FY2024 Q1,2023 Jul,"2023 Jul, 18",202307
20230719,7/19/2023,FY2024,FY2024 Q1,2023 Jul,"2023 Jul, 19",202307
20230720,7/20/2023,FY2024,FY2024 Q1,2023 Jul,"2023 Jul, 20",202307
20230721,7/21/2023,FY2024,FY2024 Q1,2023 Jul,"2023 Jul, 21",202307
20230722,7/22/2023,FY2024,FY2024 Q1,2023 Jul,"2023 Jul, 22",202307
20230723,7/23/2023,FY2024,FY2024 Q1,2023 Jul,"2023 Jul, 23",202307
20230724,7/24/2023,FY2024,FY2024 Q1,2023 Jul,"2023 Jul, 24",202307
20230725,7/25/2023,FY2024,FY2024 Q1,2023 Jul,"2023 Jul, 25",202307
20230726,7/26/2023,FY2024,FY2024 Q1,2023 Jul,"2023 Jul, 26",202307
20230727,7/27/2023,FY2024,FY2024 Q1,2023 Jul,"2023 Jul, 27",202307
20230728,7/28/2023,FY2024,FY2024 Q1,2023 Jul,"2023 Jul, 28",202307
20230729,7/29/2023,FY2024,FY2024 Q1,2023 Jul,"2023 Jul, 29",202307
20230730,7/30/2023,FY2024,FY2024 Q1,2023 Jul,"2023 Jul, 30",202307
20230731,7/31/2023,FY2024,FY2024 Q1,2023 Jul,"2023 Jul, 31",202307
20230801,8/1/2023,FY2024,FY2024 Q1,2023 Aug,"2023 Aug, 01",202308
20230802,8/2/2023,FY2024,FY2024 Q1,2023 Aug,"2023 Aug, 02",202308
20230803,8/3/2023,FY2024,FY2024 Q1,2023 Aug,"2023 Aug, 03",202308
20230804,8/4/2023,FY2024,FY2024 Q1,2023 Aug,"2023 Aug, 04",202308
20230805,8/5/2023,FY2024,FY2024 Q1,2023 Aug,"2023 Aug, 05",202308
20230806,8/6/2023,FY2024,FY2024 Q1,2023 Aug,"2023 Aug, 06",202308
20230807,8/7/2023,FY2024,FY2024 Q1,2023 Aug,"2023 Aug, 07",202308
20230808,8/8/2023,FY2024,FY2024 Q1,2023 Aug,"2023 Aug, 08",202308
20230809,8/9/2023,FY2024,FY2024 Q1,2023 Aug,"2023 Aug, 09",202308
20230810,8/10/2023,FY2024,FY2024 Q1,2023 Aug,"2023 Aug, 10",202308
20230811,8/11/2023,FY2024,FY2024 Q1,2023 Aug,"2023 Aug, 11",202308
20230812,8/12/2023,FY2024,FY2024 Q1,2023 Aug,"2023 Aug, 12",202308
20230813,8/13/2023,FY2024,FY2024 Q1,2023 Aug,"2023 Aug, 13",202308
20230814,8/14/2023,FY2024,FY2024 Q1,2023 Aug,"2023 Aug, 14",202308
20230815,8/15/2023,FY2024,FY2024 Q1,2023 Aug,"2023 Aug, 15",202308
20230816,8/16/2023,FY2024,FY2024 Q1,2023 Aug,"2023 Aug, 16",202308
20230817,8/17/2023,FY2024,FY2024 Q1,2023 Aug,"2023 Aug, 17",202308
20230818,8/18/2023,FY2024,FY2024 Q1,2023 Aug,"2023 Aug, 18",202308
20230819,8/19/2023,FY2024,FY2024 Q1,2023 Aug,"2023 Aug, 19",202308
20230820,8/20/2023,FY2024,FY2024 Q1,2023 Aug,"2023 Aug, 20",202308
20230821,8/21/2023,FY2024,FY2024 Q1,2023 Aug,"2023 Aug, 21",202308
20230822,8/22/2023,FY2024,FY2024 Q1,2023 Aug,"2023 Aug, 22",202308
20230823,8/23/2023,FY2024,FY2024 Q1,2023 Aug,"2023 Aug, 23",202308
20230824,8/24/2023,FY2024,FY2024 Q1,2023 Aug,"2023 Aug, 24",202308
20230825,8/25/2023,FY2024,FY2024 Q1,2023 Aug,"2023 Aug, 25",202308
20230826,8/26/2023,FY2024,FY2024 Q1,2023 Aug,"2023 Aug, 26",202308
20230827,8/27/2023,FY2024,FY2024 Q1,2023 Aug,"2023 Aug, 27",202308
20230828,8/28/2023,FY2024,FY2024 Q1,2023 Aug,"2023 Aug, 28",202308
20230829,8/29/2023,FY2024,FY2024 Q1,2023 Aug,"2023 Aug, 29",202308
20230830,8/30/2023,FY2024,FY2024 Q1,2023 Aug,"2023 Aug, 30",202308
20230831,8/31/2023,FY2024,FY2024 Q1,2023 Aug,"2023 Aug, 31",202308
20230901,9/1/2023,FY2024,FY2024 Q1,2023 Sep,"2023 Sep, 01",202309
20230902,9/2/2023,FY2024,FY2024 Q1,2023 Sep,"2023 Sep, 02",202309
20230903,9/3/2023,FY2024,FY2024 Q1,2023 Sep,"2023 Sep, 03",202309
20230904,9/4/2023,FY2024,FY2024 Q1,2023 Sep,"2023 Sep, 04",202309
20230905,9/5/2023,FY2024,FY2024 Q1,2023 Sep,"2023 Sep, 05",202309
20230906,9/6/2023,FY2024,FY2024 Q1,2023 Sep,"2023 Sep, 06",202309
20230907,9/7/2023,FY2024,FY2024 Q1,2023 Sep,"2023 Sep, 07",202309
20230908,9/8/2023,FY2024,FY2024 Q1,2023 Sep,"2023 Sep, 08",202309
20230909,9/9/2023,FY2024,FY2024 Q1,2023 Sep,"2023 Sep, 09",202309
20230910,9/10/2023,FY2024,FY2024 Q1,2023 Sep,"2023 Sep, 10",202309
20230911,9/11/2023,FY2024,FY2024 Q1,2023 Sep,"2023 Sep, 11",202309
20230912,9/12/2023,FY2024,FY2024 Q1,2023 Sep,"2023 Sep, 12",202309
20230913,9/13/2023,FY2024,FY2024 Q1,2023 Sep,"2023 Sep, 13",202309
20230914,9/14/2023,FY2024,FY2024 Q1,2023 Sep,"2023 Sep, 14",202309
20230915,9/15/2023,FY2024,FY2024 Q1,2023 Sep,"2023 Sep, 15",202309
20230916,9/16/2023,FY2024,FY2024 Q1,2023 Sep,"2023 Sep, 16",202309
20230917,9/17/2023,FY2024,FY2024 Q1,2023 Sep,"2023 Sep, 17",202309
20230918,9/18/2023,FY2024,FY2024 Q1,2023 Sep,"2023 Sep, 18",202309
20230919,9/19/2023,FY2024,FY2024 Q1,2023 Sep,"2023 Sep, 19",202309
20230920,9/20/2023,FY2024,FY2024 Q1,2023 Sep,"2023 Sep, 20",202309
20230921,9/21/2023,FY2024,FY2024 Q1,2023 Sep,"2023 Sep, 21",202309
20230922,9/22/2023,FY2024,FY2024 Q1,2023 Sep,"2023 Sep, 22",202309
20230923,9/23/2023,FY2024,FY2024 Q1,2023 Sep,"2023 Sep, 23",202309
20230924,9/24/2023,FY2024,FY2024 Q1,2023 Sep,"2023 Sep, 24",202309
20230925,9/25/2023,FY2024,FY2024 Q1,2023 Sep,"2023 Sep, 25",202309
20230926,9/26/2023,FY2024,FY2024 Q1,2023 Sep,"2023 Sep, 26",202309
20230927,9/27/2023,FY2024,FY2024 Q1,2023 Sep,"2023 Sep, 27",202309
20230928,9/28/2023,FY2024,FY2024 Q1,2023 Sep,"2023 Sep, 28",202309
20230929,9/29/2023,FY2024,FY2024 Q1,2023 Sep,"2023 Sep, 29",202309
20230930,9/30/2023,FY2024,FY2024 Q1,2023 Sep,"2023 Sep, 30",202309
20231001,10/1/2023,FY2024,FY2024 Q2,2023 Oct,"2023 Oct, 01",202310
20231002,10/2/2023,FY2024,FY2024 Q2,2023 Oct,"2023 Oct, 02",202310
20231003,10/3/2023,FY2024,FY2024 Q2,2023 Oct,"2023 Oct, 03",202310
20231004,10/4/2023,FY2024,FY2024 Q2,2023 Oct,"2023 Oct, 04",202310
20231005,10/5/2023,FY2024,FY2024 Q2,2023 Oct,"2023 Oct, 05",202310
20231006,10/6/2023,FY2024,FY2024 Q2,2023 Oct,"2023 Oct, 06",202310
20231007,10/7/2023,FY2024,FY2024 Q2,2023 Oct,"2023 Oct, 07",202310
20231008,10/8/2023,FY2024,FY2024 Q2,2023 Oct,"2023 Oct, 08",202310
20231009,10/9/2023,FY2024,FY2024 Q2,2023 Oct,"2023 Oct, 09",202310
20231010,10/10/2023,FY2024,FY2024 Q2,2023 Oct,"2023 Oct, 10",202310
20231011,10/11/2023,FY2024,FY2024 Q2,2023 Oct,"2023 Oct, 11",202310
20231012,10/12/2023,FY2024,FY2024 Q2,2023 Oct,"2023 Oct, 12",202310
20231013,10/13/2023,FY2024,FY2024 Q2,2023 Oct,"2023 Oct, 13",202310
20231014,10/14/2023,FY2024,FY2024 Q2,2023 Oct,"2023 Oct, 14",202310
20231015,10/15/2023,FY2024,FY2024 Q2,2023 Oct,"2023 Oct, 15",202310
20231016,10/16/2023,FY2024,FY2024 Q2,2023 Oct,"2023 Oct, 16",202310
20231017,10/17/2023,FY2024,FY2024 Q2,2023 Oct,"2023 Oct, 17",202310
20231018,10/18/2023,FY2024,FY2024 Q2,2023 Oct,"2023 Oct, 18",202310
20231019,10/19/2023,FY2024,FY2024 Q2,2023 Oct,"2023 Oct, 19",202310
20231020,10/20/2023,FY2024,FY2024 Q2,2023 Oct,"2023 Oct, 20",202310
20231021,10/21/2023,FY2024,FY2024 Q2,2023 Oct,"2023 Oct, 21",202310
20231022,10/22/2023,FY2024,FY2024 Q2,2023 Oct,"2023 Oct, 22",202310
20231023,10/23/2023,FY2024,FY2024 Q2,2023 Oct,"2023 Oct, 23",202310
20231024,10/24/2023,FY2024,FY2024 Q2,2023 Oct,"2023 Oct, 24",202310
20231025,10/25/2023,FY2024,FY2024 Q2,2023 Oct,"2023 Oct, 25",202310
20231026,10/26/2023,FY2024,FY2024 Q2,2023 Oct,"2023 Oct, 26",202310
20231027,10/27/2023,FY2024,FY2024 Q2,2023 Oct,"2023 Oct, 27",202310
20231028,10/28/2023,FY2024,FY2024 Q2,2023 Oct,"2023 Oct, 28",202310
20231029,10/29/2023,FY2024,FY2024 Q2,2023 Oct,"2023 Oct, 29",202310
20231030,10/30/2023,FY2024,FY2024 Q2,2023 Oct,"2023 Oct, 30",202310
20231031,10/31/2023,FY2024,FY2024 Q2,2023 Oct,"2023 Oct, 31",202310
20231101,11/1/2023,FY2024,FY2024 Q2,2023 Nov,"2023 Nov, 01",202311
20231102,11/2/2023,FY2024,FY2024 Q2,2023 Nov,"2023 Nov, 02",202311
20231103,11/3/2023,FY2024,FY2024 Q2,2023 Nov,"2023 Nov, 03",202311
20231104,11/4/2023,FY2024,FY2024 Q2,2023 Nov,"2023 Nov, 04",202311
20231105,11/5/2023,FY2024,FY2024 Q2,2023 Nov,"2023 Nov, 05",202311
20231106,11/6/2023,FY2024,FY2024 Q2,2023 Nov,"2023 Nov, 06",202311
20231107,11/7/2023,FY2024,FY2024 Q2,2023 Nov,"2023 Nov, 07",202311
20231108,11/8/2023,FY2024,FY2024 Q2,2023 Nov,"2023 Nov, 08",202311
20231109,11/9/2023,FY2024,FY2024 Q2,2023 Nov,"2023 Nov, 09",202311
20231110,11/10/2023,FY2024,FY2024 Q2,2023 Nov,"2023 Nov, 10",202311
20231111,11/11/2023,FY2024,FY2024 Q2,2023 Nov,"2023 Nov, 11",202311
20231112,11/12/2023,FY2024,FY2024 Q2,2023 Nov,"2023 Nov, 12",202311
20231113,11/13/2023,FY2024,FY2024 Q2,2023 Nov,"2023 Nov, 13",202311
20231114,11/14/2023,FY2024,FY2024 Q2,2023 Nov,"2023 Nov, 14",202311
20231115,11/15/2023,FY2024,FY2024 Q2,2023 Nov,"2023 Nov, 15",202311
20231116,11/16/2023,FY2024,FY2024 Q2,2023 Nov,"2023 Nov, 16",202311
20231117,11/17/2023,FY2024,FY2024 Q2,2023 Nov,"2023 Nov, 17",202311
20231118,11/18/2023,FY2024,FY2024 Q2,2023 Nov,"2023 Nov, 18",202311
20231119,11/19/2023,FY2024,FY2024 Q2,2023 Nov,"2023 Nov, 19",202311
20231120,11/20/2023,FY2024,FY2024 Q2,2023 Nov,"2023 Nov, 20",202311
20231121,11/21/2023,FY2024,FY2024 Q2,2023 Nov,"2023 Nov, 21",202311
20231122,11/22/2023,FY2024,FY2024 Q2,2023 Nov,"2023 Nov, 22",202311
20231123,11/23/2023,FY2024,FY2024 Q2,2023 Nov,"2023 Nov, 23",202311
20231124,11/24/2023,FY2024,FY2024 Q2,2023 Nov,"2023 Nov, 24",202311
20231125,11/25/2023,FY2024,FY2024 Q2,2023 Nov,"2023 Nov, 25",202311
20231126,11/26/2023,FY2024,FY2024 Q2,2023 Nov,"2023 Nov, 26",202311
20231127,11/27/2023,FY2024,FY2024 Q2,2023 Nov,"2023 Nov, 27",202311
20231128,11/28/2023,FY2024,FY2024 Q2,2023 Nov,"2023 Nov, 28",202311
20231129,11/29/2023,FY2024,FY2024 Q2,2023 Nov,"2023 Nov, 29",202311
20231130,11/30/2023,FY2024,FY2024 Q2,2023 Nov,"2023 Nov, 30",202311
20231201,12/1/2023,FY2024,FY2024 Q2,2023 Dec,"2023 Dec, 01",202312
20231202,12/2/2023,FY2024,FY2024 Q2,2023 Dec,"2023 Dec, 02",202312
20231203,12/3/2023,FY2024,FY2024 Q2,2023 Dec,"2023 Dec, 03",202312
20231204,12/4/2023,FY2024,FY2024 Q2,2023 Dec,"2023 Dec, 04",202312
20231205,12/5/2023,FY2024,FY2024 Q2,2023 Dec,"2023 Dec, 05",202312
20231206,12/6/2023,FY2024,FY2024 Q2,2023 Dec,"2023 Dec, 06",202312
20231207,12/7/2023,FY2024,FY2024 Q2,2023 Dec,"2023 Dec, 07",202312
20231208,12/8/2023,FY2024,FY2024 Q2,2023 Dec,"2023 Dec, 08",202312
20231209,12/9/2023,FY2024,FY2024 Q2,2023 Dec,"2023 Dec, 09",202312
20231210,12/10/2023,FY2024,FY2024 Q2,2023 Dec,"2023 Dec, 10",202312
20231211,12/11/2023,FY2024,FY2024 Q2,2023 Dec,"2023 Dec, 11",202312
20231212,12/12/2023,FY2024,FY2024 Q2,2023 Dec,"2023 Dec, 12",202312
20231213,12/13/2023,FY2024,FY2024 Q2,2023 Dec,"2023 Dec, 13",202312
20231214,12/14/2023,FY2024,FY2024 Q2,2023 Dec,"2023 Dec, 14",202312
20231215,12/15/2023,FY2024,FY2024 Q2,2023 Dec,"2023 Dec, 15",202312
20231216,12/16/2023,FY2024,FY2024 Q2,2023 Dec,"2023 Dec, 16",202312
20231217,12/17/2023,FY2024,FY2024 Q2,2023 Dec,"2023 Dec, 17",202312
20231218,12/18/2023,FY2024,FY2024 Q2,2023 Dec,"2023 Dec, 18",202312
20231219,12/19/2023,FY2024,FY2024 Q2,2023 Dec,"2023 Dec, 19",202312
20231220,12/20/2023,FY2024,FY2024 Q2,2023 Dec,"2023 Dec, 20",202312
20231221,12/21/2023,FY2024,FY2024 Q2,2023 Dec,"2023 Dec, 21",202312
20231222,12/22/2023,FY2024,FY2024 Q2,2023 Dec,"2023 Dec, 22",202312
20231223,12/23/2023,FY2024,FY2024 Q2,2023 Dec,"2023 Dec, 23",202312
20231224,12/24/2023,FY2024,FY2024 Q2,2023 Dec,"2023 Dec, 24",202312
20231225,12/25/2023,FY2024,FY2024 Q2,2023 Dec,"2023 Dec, 25",202312
20231226,12/26/2023,FY2024,FY2024 Q2,2023 Dec,"2023 Dec, 26",202312
20231227,12/27/2023,FY2024,FY2024 Q2,2023 Dec,"2023 Dec, 27",202312
20231228,12/28/2023,FY2024,FY2024 Q2,2023 Dec,"2023 Dec, 28",202312
20231229,12/29/2023,FY2024,FY2024 Q2,2023 Dec,"2023 Dec, 29",202312
20231230,12/30/2023,FY2024,FY2024 Q2,2023 Dec,"2023 Dec, 30",202312
20231231,12/31/2023,FY2024,FY2024 Q2,2023 Dec,"2023 Dec, 31",202312
20240101,1/1/2024,FY2024,FY2024 Q3,2024 Jan,"2024 Jan, 01",202401
20240102,1/2/2024,FY2024,FY2024 Q3,2024 Jan,"2024 Jan, 02",202401
20240103,1/3/2024,FY2024,FY2024 Q3,2024 Jan,"2024 Jan, 03",202401
20240104,1/4/2024,FY2024,FY2024 Q3,2024 Jan,"2024 Jan, 04",202401
20240105,1/5/2024,FY2024,FY2024 Q3,2024 Jan,"2024 Jan, 05",202401
20240106,1/6/2024,FY2024,FY2024 Q3,2024 Jan,"2024 Jan, 06",202401
20240107,1/7/2024,FY2024,FY2024 Q3,2024 Jan,"2024 Jan, 07",202401
20240108,1/8/2024,FY2024,FY2024 Q3,2024 Jan,"2024 Jan, 08",202401
20240109,1/9/2024,FY2024,FY2024 Q3,2024 Jan,"2024 Jan, 09",202401
20240110,1/10/2024,FY2024,FY2024 Q3,2024 Jan,"2024 Jan, 10",202401
20240111,1/11/2024,FY2024,FY2024 Q3,2024 Jan,"2024 Jan, 11",202401
20240112,1/12/2024,FY2024,FY2024 Q3,2024 Jan,"2024 Jan, 12",202401
20240113,1/13/2024,FY2024,FY2024 Q3,2024 Jan,"2024 Jan, 13",202401
20240114,1/14/2024,FY2024,FY2024 Q3,2024 Jan,"2024 Jan, 14",202401
20240115,1/15/2024,FY2024,FY2024 Q3,2024 Jan,"2024 Jan, 15",202401
20240116,1/16/2024,FY2024,FY2024 Q3,2024 Jan,"2024 Jan, 16",202401
20240117,1/17/2024,FY2024,FY2024 Q3,2024 Jan,"2024 Jan, 17",202401
20240118,1/18/2024,FY2024,FY2024 Q3,2024 Jan,"2024 Jan, 18",202401
20240119,1/19/2024,FY2024,FY2024 Q3,2024 Jan,"2024 Jan, 19",202401
20240120,1/20/2024,FY2024,FY2024 Q3,2024 Jan,"2024 Jan, 20",202401
20240121,1/21/2024,FY2024,FY2024 Q3,2024 Jan,"2024 Jan, 21",202401
20240122,1/22/2024,FY2024,FY2024 Q3,2024 Jan,"2024 Jan, 22",202401
20240123,1/23/2024,FY2024,FY2024 Q3,2024 Jan,"2024 Jan, 23",202401
20240124,1/24/2024,FY2024,FY2024 Q3,2024 Jan,"2024 Jan, 24",202401
20240125,1/25/2024,FY2024,FY2024 Q3,2024 Jan,"2024 Jan, 25",202401
20240126,1/26/2024,FY2024,FY2024 Q3,2024 Jan,"2024 Jan, 26",202401
20240127,1/27/2024,FY2024,FY2024 Q3,2024 Jan,"2024 Jan, 27",202401
20240128,1/28/2024,FY2024,FY2024 Q3,2024 Jan,"2024 Jan, 28",202401
20240129,1/29/2024,FY2024,FY2024 Q3,2024 Jan,"2024 Jan, 29",202401
20240130,1/30/2024,FY2024,FY2024 Q3,2024 Jan,"2024 Jan, 30",202401
20240131,1/31/2024,FY2024,FY2024 Q3,2024 Jan,"2024 Jan, 31",202401
20240201,2/1/2024,FY2024,FY2024 Q3,2024 Feb,"2024 Feb, 01",202402
20240202,2/2/2024,FY2024,FY2024 Q3,2024 Feb,"2024 Feb, 02",202402
20240203,2/3/2024,FY2024,FY2024 Q3,2024 Feb,"2024 Feb, 03",202402
20240204,2/4/2024,FY2024,FY2024 Q3,2024 Feb,"2024 Feb, 04",202402
20240205,2/5/2024,FY2024,FY2024 Q3,2024 Feb,"2024 Feb, 05",202402
20240206,2/6/2024,FY2024,FY2024 Q3,2024 Feb,"2024 Feb, 06",202402
20240207,2/7/2024,FY2024,FY2024 Q3,2024 Feb,"2024 Feb, 07",202402
20240208,2/8/2024,FY2024,FY2024 Q3,2024 Feb,"2024 Feb, 08",202402
20240209,2/9/2024,FY2024,FY2024 Q3,2024 Feb,"2024 Feb, 09",202402
20240210,2/10/2024,FY2024,FY2024 Q3,2024 Feb,"2024 Feb, 10",202402
20240211,2/11/2024,FY2024,FY2024 Q3,2024 Feb,"2024 Feb, 11",202402
20240212,2/12/2024,FY2024,FY2024 Q3,2024 Feb,"2024 Feb, 12",202402
20240213,2/13/2024,FY2024,FY2024 Q3,2024 Feb,"2024 Feb, 13",202402
20240214,2/14/2024,FY2024,FY2024 Q3,2024 Feb,"2024 Feb, 14",202402
20240215,2/15/2024,FY2024,FY2024 Q3,2024 Feb,"2024 Feb, 15",202402
20240216,2/16/2024,FY2024,FY2024 Q3,2024 Feb,"2024 Feb, 16",202402
20240217,2/17/2024,FY2024,FY2024 Q3,2024 Feb,"2024 Feb, 17",202402
20240218,2/18/2024,FY2024,FY2024 Q3,2024 Feb,"2024 Feb, 18",202402
20240219,2/19/2024,FY2024,FY2024 Q3,2024 Feb,"2024 Feb, 19",202402
20240220,2/20/2024,FY2024,FY2024 Q3,2024 Feb,"2024 Feb, 20",202402
20240221,2/21/2024,FY2024,FY2024 Q3,2024 Feb,"2024 Feb, 21",202402
20240222,2/22/2024,FY2024,FY2024 Q3,2024 Feb,"2024 Feb, 22",202402
20240223,2/23/2024,FY2024,FY2024 Q3,2024 Feb,"2024 Feb, 23",202402
20240224,2/24/2024,FY2024,FY2024 Q3,2024 Feb,"2024 Feb, 24",202402
20240225,2/25/2024,FY2024,FY2024 Q3,2024 Feb,"2024 Feb, 25",202402
20240226,2/26/2024,FY2024,FY2024 Q3,2024 Feb,"2024 Feb, 26",202402
20240227,2/27/2024,FY2024,FY2024 Q3,2024 Feb,"2024 Feb, 27",202402
20240228,2/28/2024,FY2024,FY2024 Q3,2024 Feb,"2024 Feb, 28",202402
20240229,2/29/2024,FY2024,FY2024 Q3,2024 Feb,"2024 Feb, 29",202402
20240301,3/1/2024,FY2024,FY2024 Q3,2024 Mar,"2024 Mar, 01",202403
20240302,3/2/2024,FY2024,FY2024 Q3,2024 Mar,"2024 Mar, 02",202403
20240303,3/3/2024,FY2024,FY2024 Q3,2024 Mar,"2024 Mar, 03",202403
20240304,3/4/2024,FY2024,FY2024 Q3,2024 Mar,"2024 Mar, 04",202403
20240305,3/5/2024,FY2024,FY2024 Q3,2024 Mar,"2024 Mar, 05",202403
20240306,3/6/2024,FY2024,FY2024 Q3,2024 Mar,"2024 Mar, 06",202403
20240307,3/7/2024,FY2024,FY2024 Q3,2024 Mar,"2024 Mar, 07",202403
20240308,3/8/2024,FY2024,FY2024 Q3,2024 Mar,"2024 Mar, 08",202403
20240309,3/9/2024,FY2024,FY2024 Q3,2024 Mar,"2024 Mar, 09",202403
20240310,3/10/2024,FY2024,FY2024 Q3,2024 Mar,"2024 Mar, 10",202403
20240311,3/11/2024,FY2024,FY2024 Q3,2024 Mar,"2024 Mar, 11",202403
20240312,3/12/2024,FY2024,FY2024 Q3,2024 Mar,"2024 Mar, 12",202403
20240313,3/13/2024,FY2024,FY2024 Q3,2024 Mar,"2024 Mar, 13",202403
20240314,3/14/2024,FY2024,FY2024 Q3,2024 Mar,"2024 Mar, 14",202403
20240315,3/15/2024,FY2024,FY2024 Q3,2024 Mar,"2024 Mar, 15",202403
20240316,3/16/2024,FY2024,FY2024 Q3,2024 Mar,"2024 Mar, 16",202403
20240317,3/17/2024,FY2024,FY2024 Q3,2024 Mar,"2024 Mar, 17",202403
20240318,3/18/2024,FY2024,FY2024 Q3,2024 Mar,"2024 Mar, 18",202403
20240319,3/19/2024,FY2024,FY2024 Q3,2024 Mar,"2024 Mar, 19",202403
20240320,3/20/2024,FY2024,FY2024 Q3,2024 Mar,"2024 Mar, 20",202403
20240321,3/21/2024,FY2024,FY2024 Q3,2024 Mar,"2024 Mar, 21",202403
20240322,3/22/2024,FY2024,FY2024 Q3,2024 Mar,"2024 Mar, 22",202403
20240323,3/23/2024,FY2024,FY2024 Q3,2024 Mar,"2024 Mar, 23",202403
20240324,3/24/2024,FY2024,FY2024 Q3,2024 Mar,"2024 Mar, 24",202403
20240325,3/25/2024,FY2024,FY2024 Q3,2024 Mar,"2024 Mar, 25",202403
20240326,3/26/2024,FY2024,FY2024 Q3,2024 Mar,"2024 Mar, 26",202403
20240327,3/27/2024,FY2024,FY2024 Q3,2024 Mar,"2024 Mar, 27",202403
20240328,3/28/2024,FY2024,FY2024 Q3,2024 Mar,"2024 Mar, 28",202403
20240329,3/29/2024,FY2024,FY2024 Q3,2024 Mar,"2024 Mar, 29",202403
20240330,3/30/2024,FY2024,FY2024 Q3,2024 Mar,"2024 Mar, 30",202403
20240331,3/31/2024,FY2024,FY2024 Q3,2024 Mar,"2024 Mar, 31",202403
20240401,4/1/2024,FY2024,FY2024 Q4,2024 Apr,"2024 Apr, 01",202404
20240402,4/2/2024,FY2024,FY2024 Q4,2024 Apr,"2024 Apr, 02",202404
20240403,4/3/2024,FY2024,FY2024 Q4,2024 Apr,"2024 Apr, 03",202404
20240404,4/4/2024,FY2024,FY2024 Q4,2024 Apr,"2024 Apr, 04",202404
20240405,4/5/2024,FY2024,FY2024 Q4,2024 Apr,"2024 Apr, 05",202404
20240406,4/6/2024,FY2024,FY2024 Q4,2024 Apr,"2024 Apr, 06",202404
20240407,4/7/2024,FY2024,FY2024 Q4,2024 Apr,"2024 Apr, 07",202404
20240408,4/8/2024,FY2024,FY2024 Q4,2024 Apr,"2024 Apr, 08",202404
20240409,4/9/2024,FY2024,FY2024 Q4,2024 Apr,"2024 Apr, 09",202404
20240410,4/10/2024,FY2024,FY2024 Q4,2024 Apr,"2024 Apr, 10",202404
20240411,4/11/2024,FY2024,FY2024 Q4,2024 Apr,"2024 Apr, 11",202404
20240412,4/12/2024,FY2024,FY2024 Q4,2024 Apr,"2024 Apr, 12",202404
20240413,4/13/2024,FY2024,FY2024 Q4,2024 Apr,"2024 Apr, 13",202404
20240414,4/14/2024,FY2024,FY2024 Q4,2024 Apr,"2024 Apr, 14",202404
20240415,4/15/2024,FY2024,FY2024 Q4,2024 Apr,"2024 Apr, 15",202404
20240416,4/16/2024,FY2024,FY2024 Q4,2024 Apr,"2024 Apr, 16",202404
20240417,4/17/2024,FY2024,FY2024 Q4,2024 Apr,"2024 Apr, 17",202404
20240418,4/18/2024,FY2024,FY2024 Q4,2024 Apr,"2024 Apr, 18",202404
20240419,4/19/2024,FY2024,FY2024 Q4,2024 Apr,"2024 Apr, 19",202404
20240420,4/20/2024,FY2024,FY2024 Q4,2024 Apr,"2024 Apr, 20",202404
20240421,4/21/2024,FY2024,FY2024 Q4,2024 Apr,"2024 Apr, 21",202404
20240422,4/22/2024,FY2024,FY2024 Q4,2024 Apr,"2024 Apr, 22",202404
20240423,4/23/2024,FY2024,FY2024 Q4,2024 Apr,"2024 Apr, 23",202404
20240424,4/24/2024,FY2024,FY2024 Q4,2024 Apr,"2024 Apr, 24",202404
20240425,4/25/2024,FY2024,FY2024 Q4,2024 Apr,"2024 Apr, 25",202404
20240426,4/26/2024,FY2024,FY2024 Q4,2024 Apr,"2024 Apr, 26",202404
20240427,4/27/2024,FY2024,FY2024 Q4,2024 Apr,"2024 Apr, 27",202404
20240428,4/28/2024,FY2024,FY2024 Q4,2024 Apr,"2024 Apr, 28",202404
20240429,4/29/2024,FY2024,FY2024 Q4,2024 Apr,"2024 Apr, 29",202404
20240430,4/30/2024,FY2024,FY2024 Q4,2024 Apr,"2024 Apr, 30",202404
20240501,5/1/2024,FY2024,FY2024 Q4,2024 May,"2024 May, 01",202405
20240502,5/2/2024,FY2024,FY2024 Q4,2024 May,"2024 May, 02",202405
20240503,5/3/2024,FY2024,FY2024 Q4,2024 May,"2024 May, 03",202405
20240504,5/4/2024,FY2024,FY2024 Q4,2024 May,"2024 May, 04",202405
20240505,5/5/2024,FY2024,FY2024 Q4,2024 May,"2024 May, 05",202405
20240506,5/6/2024,FY2024,FY2024 Q4,2024 May,"2024 May, 06",202405
20240507,5/7/2024,FY2024,FY2024 Q4,2024 May,"2024 May, 07",202405
20240508,5/8/2024,FY2024,FY2024 Q4,2024 May,"2024 May, 08",202405
20240509,5/9/2024,FY2024,FY2024 Q4,2024 May,"2024 May, 09",202405
20240510,5/10/2024,FY2024,FY2024 Q4,2024 May,"2024 May, 10",202405
20240511,5/11/2024,FY2024,FY2024 Q4,2024 May,"2024 May, 11",202405
20240512,5/12/2024,FY2024,FY2024 Q4,2024 May,"2024 May, 12",202405
20240513,5/13/2024,FY2024,FY2024 Q4,2024 May,"2024 May, 13",202405
20240514,5/14/2024,FY2024,FY2024 Q4,2024 May,"2024 May, 14",202405
20240515,5/15/2024,FY2024,FY2024 Q4,2024 May,"2024 May, 15",202405
20240516,5/16/2024,FY2024,FY2024 Q4,2024 May,"2024 May, 16",202405
20240517,5/17/2024,FY2024,FY2024 Q4,2024 May,"2024 May, 17",202405
20240518,5/18/2024,FY2024,FY2024 Q4,2024 May,"2024 May, 18",202405
20240519,5/19/2024,FY2024,FY2024 Q4,2024 May,"2024 May, 19",202405
20240520,5/20/2024,FY2024,FY2024 Q4,2024 May,"2024 May, 20",202405
20240521,5/21/2024,FY2024,FY2024 Q4,2024 May,"2024 May, 21",202405
20240522,5/22/2024,FY2024,FY2024 Q4,2024 May,"2024 May, 22",202405
20240523,5/23/2024,FY2024,FY2024 Q4,2024 May,"2024 May, 23",202405
20240524,5/24/2024,FY2024,FY2024 Q4,2024 May,"2024 May, 24",202405
20240525,5/25/2024,FY2024,FY2024 Q4,2024 May,"2024 May, 25",202405
20240526,5/26/2024,FY2024,FY2024 Q4,2024 May,"2024 May, 26",202405
20240527,5/27/2024,FY2024,FY2024 Q4,2024 May,"2024 May, 27",202405
20240528,5/28/2024,FY2024,FY2024 Q4,2024 May,"2024 May, 28",202405
20240529,5/29/2024,FY2024,FY2024 Q4,2024 May,"2024 May, 29",202405
20240530,5/30/2024,FY2024,FY2024 Q4,2024 May,"2024 May, 30",202405
20240531,5/31/2024,FY2024,FY2024 Q4,2024 May,"2024 May, 31",202405
20240601,6/1/2024,FY2024,FY2024 Q4,2024 Jun,"2024 Jun, 01",202406
20240602,6/2/2024,FY2024,FY2024 Q4,2024 Jun,"2024 Jun, 02",202406
20240603,6/3/2024,FY2024,FY2024 Q4,2024 Jun,"2024 Jun, 03",202406
20240604,6/4/2024,FY2024,FY2024 Q4,2024 Jun,"2024 Jun, 04",202406
20240605,6/5/2024,FY2024,FY2024 Q4,2024 Jun,"2024 Jun, 05",202406
20240606,6/6/2024,FY2024,FY2024 Q4,2024 Jun,"2024 Jun, 06",202406
20240607,6/7/2024,FY2024,FY2024 Q4,2024 Jun,"2024 Jun, 07",202406
20240608,6/8/2024,FY2024,FY2024 Q4,2024 Jun,"2024 Jun, 08",202406
20240609,6/9/2024,FY2024,FY2024 Q4,2024 Jun,"2024 Jun, 09",202406
20240610,6/10/2024,FY2024,FY2024 Q4,2024 Jun,"2024 Jun, 10",202406
20240611,6/11/2024,FY2024,FY2024 Q4,2024 Jun,"2024 Jun, 11",202406
20240612,6/12/2024,FY2024,FY2024 Q4,2024 Jun,"2024 Jun, 12",202406
20240613,6/13/2024,FY2024,FY2024 Q4,2024 Jun,"2024 Jun, 13",202406
20240614,6/14/2024,FY2024,FY2024 Q4,2024 Jun,"2024 Jun, 14",202406
20240615,6/15/2024,FY2024,FY2024 Q4,2024 Jun,"2024 Jun, 15",202406
20240616,6/16/2024,FY2024,FY2024 Q4,2024 Jun,"2024 Jun, 16",202406
20240617,6/17/2024,FY2024,FY2024 Q4,2024 Jun,"2024 Jun, 17",202406
20240618,6/18/2024,FY2024,FY2024 Q4,2024 Jun,"2024 Jun, 18",202406
20240619,6/19/2024,FY2024,FY2024 Q4,2024 Jun,"2024 Jun, 19",202406
20240620,6/20/2024,FY2024,FY2024 Q4,2024 Jun,"2024 Jun, 20",202406
20240621,6/21/2024,FY2024,FY2024 Q4,2024 Jun,"2024 Jun, 21",202406
20240622,6/22/2024,FY2024,FY2024 Q4,2024 Jun,"2024 Jun, 22",202406
20240623,6/23/2024,FY2024,FY2024 Q4,2024 Jun,"2024 Jun, 23",202406
20240624,6/24/2024,FY2024,FY2024 Q4,2024 Jun,"2024 Jun, 24",202406
20240625,6/25/2024,FY2024,FY2024 Q4,2024 Jun,"2024 Jun, 25",202406
20240626,6/26/2024,FY2024,FY2024 Q4,2024 Jun,"2024 Jun, 26",202406
20240627,6/27/2024,FY2024,FY2024 Q4,2024 Jun,"2024 Jun, 27",202406
20240628,6/28/2024,FY2024,FY2024 Q4,2024 Jun,"2024 Jun, 28",202406
20240629,6/29/2024,FY2024,FY2024 Q4,2024 Jun,"2024 Jun, 29",202406
20240630,6/30/2024,FY2024,FY2024 Q4,2024 Jun,"2024 Jun, 30",202406
20240701,7/1/2024,FY2021,FY2021 Q1,2024 Jul,"2024 Jul, 01",202407
20240702,7/2/2024,FY2021,FY2021 Q1,2024 Jul,"2024 Jul, 02",202407
20240703,7/3/2024,FY2021,FY2021 Q1,2024 Jul,"2024 Jul, 03",202407
20240704,7/4/2024,FY2021,FY2021 Q1,2024 Jul,"2024 Jul, 04",202407
20240705,7/5/2024,FY2021,FY2021 Q1,2024 Jul,"2024 Jul, 05",202407
20240706,7/6/2024,FY2021,FY2021 Q1,2024 Jul,"2024 Jul, 06",202407
20240707,7/7/2024,FY2021,FY2021 Q1,2024 Jul,"2024 Jul, 07",202407
20240708,7/8/2024,FY2021,FY2021 Q1,2024 Jul,"2024 Jul, 08",202407
20240709,7/9/2024,FY2021,FY2021 Q1,2024 Jul,"2024 Jul, 09",202407
20240710,7/10/2024,FY2021,FY2021 Q1,2024 Jul,"2024 Jul, 10",202407
20240711,7/11/2024,FY2021,FY2021 Q1,2024 Jul,"2024 Jul, 11",202407
20240712,7/12/2024,FY2021,FY2021 Q1,2024 Jul,"2024 Jul, 12",202407
20240713,7/13/2024,FY2021,FY2021 Q1,2024 Jul,"2024 Jul, 13",202407
20240714,7/14/2024,FY2021,FY2021 Q1,2024 Jul,"2024 Jul, 14",202407
20240715,7/15/2024,FY2021,FY2021 Q1,2024 Jul,"2024 Jul, 15",202407
20240716,7/16/2024,FY2021,FY2021 Q1,2024 Jul,"2024 Jul, 16",202407
20240717,7/17/2024,FY2021,FY2021 Q1,2024 Jul,"2024 Jul, 17",202407
20240718,7/18/2024,FY2021,FY2021 Q1,2024 Jul,"2024 Jul, 18",202407
20240719,7/19/2024,FY2021,FY2021 Q1,2024 Jul,"2024 Jul, 19",202407
20240720,7/20/2024,FY2021,FY2021 Q1,2024 Jul,"2024 Jul, 20",202407
20240721,7/21/2024,FY2021,FY2021 Q1,2024 Jul,"2024 Jul, 21",202407
20240722,7/22/2024,FY2021,FY2021 Q1,2024 Jul,"2024 Jul, 22",202407
20240723,7/23/2024,FY2021,FY2021 Q1,2024 Jul,"2024 Jul, 23",202407
20240724,7/24/2024,FY2021,FY2021 Q1,2024 Jul,"2024 Jul, 24",202407
20240725,7/25/2024,FY2021,FY2021 Q1,2024 Jul,"2024 Jul, 25",202407
20240726,7/26/2024,FY2021,FY2021 Q1,2024 Jul,"2024 Jul, 26",202407
20240727,7/27/2024,FY2021,FY2021 Q1,2024 Jul,"2024 Jul, 27",202407
20240728,7/28/2024,FY2021,FY2021 Q1,2024 Jul,"2024 Jul, 28",202407
20240729,7/29/2024,FY2021,FY2021 Q1,2024 Jul,"2024 Jul, 29",202407
20240730,7/30/2024,FY2021,FY2021 Q1,2024 Jul,"2024 Jul, 30",202407
20240731,7/31/2024,FY2021,FY2021 Q1,2024 Jul,"2024 Jul, 31",202407
20240801,8/1/2024,FY2021,FY2021 Q1,2024 Aug,"2024 Aug, 01",202408
20240802,8/2/2024,FY2021,FY2021 Q1,2024 Aug,"2024 Aug, 02",202408
20240803,8/3/2024,FY2021,FY2021 Q1,2024 Aug,"2024 Aug, 03",202408
20240804,8/4/2024,FY2021,FY2021 Q1,2024 Aug,"2024 Aug, 04",202408
20240805,8/5/2024,FY2021,FY2021 Q1,2024 Aug,"2024 Aug, 05",202408
20240806,8/6/2024,FY2021,FY2021 Q1,2024 Aug,"2024 Aug, 06",202408
20240807,8/7/2024,FY2021,FY2021 Q1,2024 Aug,"2024 Aug, 07",202408
20240808,8/8/2024,FY2021,FY2021 Q1,2024 Aug,"2024 Aug, 08",202408
20240809,8/9/2024,FY2021,FY2021 Q1,2024 Aug,"2024 Aug, 09",202408
20240810,8/10/2024,FY2021,FY2021 Q1,2024 Aug,"2024 Aug, 10",202408
20240811,8/11/2024,FY2021,FY2021 Q1,2024 Aug,"2024 Aug, 11",202408
20240812,8/12/2024,FY2021,FY2021 Q1,2024 Aug,"2024 Aug, 12",202408
20240813,8/13/2024,FY2021,FY2021 Q1,2024 Aug,"2024 Aug, 13",202408
20240814,8/14/2024,FY2021,FY2021 Q1,2024 Aug,"2024 Aug, 14",202408
20240815,8/15/2024,FY2021,FY2021 Q1,2024 Aug,"2024 Aug, 15",202408
20240816,8/16/2024,FY2021,FY2021 Q1,2024 Aug,"2024 Aug, 16",202408
20240817,8/17/2024,FY2021,FY2021 Q1,2024 Aug,"2024 Aug, 17",202408
20240818,8/18/2024,FY2021,FY2021 Q1,2024 Aug,"2024 Aug, 18",202408
20240819,8/19/2024,FY2021,FY2021 Q1,2024 Aug,"2024 Aug, 19",202408
20240820,8/20/2024,FY2021,FY2021 Q1,2024 Aug,"2024 Aug, 20",202408
20240821,8/21/2024,FY2021,FY2021 Q1,2024 Aug,"2024 Aug, 21",202408
20240822,8/22/2024,FY2021,FY2021 Q1,2024 Aug,"2024 Aug, 22",202408
20240823,8/23/2024,FY2021,FY2021 Q1,2024 Aug,"2024 Aug, 23",202408
20240824,8/24/2024,FY2021,FY2021 Q1,2024 Aug,"2024 Aug, 24",202408
20240825,8/25/2024,FY2021,FY2021 Q1,2024 Aug,"2024 Aug, 25",202408
20240826,8/26/2024,FY2021,FY2021 Q1,2024 Aug,"2024 Aug, 26",202408
20240827,8/27/2024,FY2021,FY2021 Q1,2024 Aug,"2024 Aug, 27",202408
20240828,8/28/2024,FY2021,FY2021 Q1,2024 Aug,"2024 Aug, 28",202408
20240829,8/29/2024,FY2021,FY2021 Q1,2024 Aug,"2024 Aug, 29",202408
20240830,8/30/2024,FY2021,FY2021 Q1,2024 Aug,"2024 Aug, 30",202408
20240831,8/31/2024,FY2021,FY2021 Q1,2024 Aug,"2024 Aug, 31",202408
20240901,9/1/2024,FY2021,FY2021 Q1,2024 Sep,"2024 Sep, 01",202409
20240902,9/2/2024,FY2021,FY2021 Q1,2024 Sep,"2024 Sep, 02",202409
20240903,9/3/2024,FY2021,FY2021 Q1,2024 Sep,"2024 Sep, 03",202409
20240904,9/4/2024,FY2021,FY2021 Q1,2024 Sep,"2024 Sep, 04",202409
20240905,9/5/2024,FY2021,FY2021 Q1,2024 Sep,"2024 Sep, 05",202409
20240906,9/6/2024,FY2021,FY2021 Q1,2024 Sep,"2024 Sep, 06",202409
20240907,9/7/2024,FY2021,FY2021 Q1,2024 Sep,"2024 Sep, 07",202409
20240908,9/8/2024,FY2021,FY2021 Q1,2024 Sep,"2024 Sep, 08",202409
20240909,9/9/2024,FY2021,FY2021 Q1,2024 Sep,"2024 Sep, 09",202409
20240910,9/10/2024,FY2021,FY2021 Q1,2024 Sep,"2024 Sep, 10",202409
20240911,9/11/2024,FY2021,FY2021 Q1,2024 Sep,"2024 Sep, 11",202409
20240912,9/12/2024,FY2021,FY2021 Q1,2024 Sep,"2024 Sep, 12",202409
20240913,9/13/2024,FY2021,FY2021 Q1,2024 Sep,"2024 Sep, 13",202409
20240914,9/14/2024,FY2021,FY2021 Q1,2024 Sep,"2024 Sep, 14",202409
20240915,9/15/2024,FY2021,FY2021 Q1,2024 Sep,"2024 Sep, 15",202409
20240916,9/16/2024,FY2021,FY2021 Q1,2024 Sep,"2024 Sep, 16",202409
20240917,9/17/2024,FY2021,FY2021 Q1,2024 Sep,"2024 Sep, 17",202409
20240918,9/18/2024,FY2021,FY2021 Q1,2024 Sep,"2024 Sep, 18",202409
20240919,9/19/2024,FY2021,FY2021 Q1,2024 Sep,"2024 Sep, 19",202409
20240920,9/20/2024,FY2021,FY2021 Q1,2024 Sep,"2024 Sep, 20",202409
20240921,9/21/2024,FY2021,FY2021 Q1,2024 Sep,"2024 Sep, 21",202409
20240922,9/22/2024,FY2021,FY2021 Q1,2024 Sep,"2024 Sep, 22",202409
20240923,9/23/2024,FY2021,FY2021 Q1,2024 Sep,"2024 Sep, 23",202409
20240924,9/24/2024,FY2021,FY2021 Q1,2024 Sep,"2024 Sep, 24",202409
20240925,9/25/2024,FY2021,FY2021 Q1,2024 Sep,"2024 Sep, 25",202409
20240926,9/26/2024,FY2021,FY2021 Q1,2024 Sep,"2024 Sep, 26",202409
20240927,9/27/2024,FY2021,FY2021 Q1,2024 Sep,"2024 Sep, 27",202409
20240928,9/28/2024,FY2021,FY2021 Q1,2024 Sep,"2024 Sep, 28",202409
20240929,9/29/2024,FY2021,FY2021 Q1,2024 Sep,"2024 Sep, 29",202409
20240930,9/30/2024,FY2021,FY2021 Q1,2024 Sep,"2024 Sep, 30",202409
20241001,10/1/2024,FY2021,FY2021 Q2,2024 Oct,"2024 Oct, 01",202410
20241002,10/2/2024,FY2021,FY2021 Q2,2024 Oct,"2024 Oct, 02",202410
20241003,10/3/2024,FY2021,FY2021 Q2,2024 Oct,"2024 Oct, 03",202410
20241004,10/4/2024,FY2021,FY2021 Q2,2024 Oct,"2024 Oct, 04",202410
20241005,10/5/2024,FY2021,FY2021 Q2,2024 Oct,"2024 Oct, 05",202410
20241006,10/6/2024,FY2021,FY2021 Q2,2024 Oct,"2024 Oct, 06",202410
20241007,10/7/2024,FY2021,FY2021 Q2,2024 Oct,"2024 Oct, 07",202410
20241008,10/8/2024,FY2021,FY2021 Q2,2024 Oct,"2024 Oct, 08",202410
20241009,10/9/2024,FY2021,FY2021 Q2,2024 Oct,"2024 Oct, 09",202410
20241010,10/10/2024,FY2021,FY2021 Q2,2024 Oct,"2024 Oct, 10",202410
20241011,10/11/2024,FY2021,FY2021 Q2,2024 Oct,"2024 Oct, 11",202410
20241012,10/12/2024,FY2021,FY2021 Q2,2024 Oct,"2024 Oct, 12",202410
20241013,10/13/2024,FY2021,FY2021 Q2,2024 Oct,"2024 Oct, 13",202410
20241014,10/14/2024,FY2021,FY2021 Q2,2024 Oct,"2024 Oct, 14",202410
20241015,10/15/2024,FY2021,FY2021 Q2,2024 Oct,"2024 Oct, 15",202410
20241016,10/16/2024,FY2021,FY2021 Q2,2024 Oct,"2024 Oct, 16",202410
20241017,10/17/2024,FY2021,FY2021 Q2,2024 Oct,"2024 Oct, 17",202410
20241018,10/18/2024,FY2021,FY2021 Q2,2024 Oct,"2024 Oct, 18",202410
20241019,10/19/2024,FY2021,FY2021 Q2,2024 Oct,"2024 Oct, 19",202410
20241020,10/20/2024,FY2021,FY2021 Q2,2024 Oct,"2024 Oct, 20",202410
20241021,10/21/2024,FY2021,FY2021 Q2,2024 Oct,"2024 Oct, 21",202410
20241022,10/22/2024,FY2021,FY2021 Q2,2024 Oct,"2024 Oct, 22",202410
20241023,10/23/2024,FY2021,FY2021 Q2,2024 Oct,"2024 Oct, 23",202410
20241024,10/24/2024,FY2021,FY2021 Q2,2024 Oct,"2024 Oct, 24",202410
20241025,10/25/2024,FY2021,FY2021 Q2,2024 Oct,"2024 Oct, 25",202410
20241026,10/26/2024,FY2021,FY2021 Q2,2024 Oct,"2024 Oct, 26",202410
20241027,10/27/2024,FY2021,FY2021 Q2,2024 Oct,"2024 Oct, 27",202410
20241028,10/28/2024,FY2021,FY2021 Q2,2024 Oct,"2024 Oct, 28",202410
20241029,10/29/2024,FY2021,FY2021 Q2,2024 Oct,"2024 Oct, 29",202410
20241030,10/30/2024,FY2021,FY2021 Q2,2024 Oct,"2024 Oct, 30",202410
20241031,10/31/2024,FY2021,FY2021 Q2,2024 Oct,"2024 Oct, 31",202410
20241101,11/1/2024,FY2021,FY2021 Q2,2024 Nov,"2024 Nov, 01",202411
20241102,11/2/2024,FY2021,FY2021 Q2,2024 Nov,"2024 Nov, 02",202411
20241103,11/3/2024,FY2021,FY2021 Q2,2024 Nov,"2024 Nov, 03",202411
20241104,11/4/2024,FY2021,FY2021 Q2,2024 Nov,"2024 Nov, 04",202411
20241105,11/5/2024,FY2021,FY2021 Q2,2024 Nov,"2024 Nov, 05",202411
20241106,11/6/2024,FY2021,FY2021 Q2,2024 Nov,"2024 Nov, 06",202411
20241107,11/7/2024,FY2021,FY2021 Q2,2024 Nov,"2024 Nov, 07",202411
20241108,11/8/2024,FY2021,FY2021 Q2,2024 Nov,"2024 Nov, 08",202411
20241109,11/9/2024,FY2021,FY2021 Q2,2024 Nov,"2024 Nov, 09",202411
20241110,11/10/2024,FY2021,FY2021 Q2,2024 Nov,"2024 Nov, 10",202411
20241111,11/11/2024,FY2021,FY2021 Q2,2024 Nov,"2024 Nov, 11",202411
20241112,11/12/2024,FY2021,FY2021 Q2,2024 Nov,"2024 Nov, 12",202411
20241113,11/13/2024,FY2021,FY2021 Q2,2024 Nov,"2024 Nov, 13",202411
20241114,11/14/2024,FY2021,FY2021 Q2,2024 Nov,"2024 Nov, 14",202411
20241115,11/15/2024,FY2021,FY2021 Q2,2024 Nov,"2024 Nov, 15",202411
20241116,11/16/2024,FY2021,FY2021 Q2,2024 Nov,"2024 Nov, 16",202411
20241117,11/17/2024,FY2021,FY2021 Q2,2024 Nov,"2024 Nov, 17",202411
20241118,11/18/2024,FY2021,FY2021 Q2,2024 Nov,"2024 Nov, 18",202411
20241119,11/19/2024,FY2021,FY2021 Q2,2024 Nov,"2024 Nov, 19",202411
20241120,11/20/2024,FY2021,FY2021 Q2,2024 Nov,"2024 Nov, 20",202411
20241121,11/21/2024,FY2021,FY2021 Q2,2024 Nov,"2024 Nov, 21",202411
20241122,11/22/2024,FY2021,FY2021 Q2,2024 Nov,"2024 Nov, 22",202411
20241123,11/23/2024,FY2021,FY2021 Q2,2024 Nov,"2024 Nov, 23",202411
20241124,11/24/2024,FY2021,FY2021 Q2,2024 Nov,"2024 Nov, 24",202411
20241125,11/25/2024,FY2021,FY2021 Q2,2024 Nov,"2024 Nov, 25",202411
20241126,11/26/2024,FY2021,FY2021 Q2,2024 Nov,"2024 Nov, 26",202411
20241127,11/27/2024,FY2021,FY2021 Q2,2024 Nov,"2024 Nov, 27",202411
20241128,11/28/2024,FY2021,FY2021 Q2,2024 Nov,"2024 Nov, 28",202411
20241129,11/29/2024,FY2021,FY2021 Q2,2024 Nov,"2024 Nov, 29",202411
20241130,11/30/2024,FY2021,FY2021 Q2,2024 Nov,"2024 Nov, 30",202411
20241201,12/1/2024,FY2021,FY2021 Q2,2024 Dec,"2024 Dec, 01",202412
20241202,12/2/2024,FY2021,FY2021 Q2,2024 Dec,"2024 Dec, 02",202412
20241203,12/3/2024,FY2021,FY2021 Q2,2024 Dec,"2024 Dec, 03",202412
20241204,12/4/2024,FY2021,FY2021 Q2,2024 Dec,"2024 Dec, 04",202412
20241205,12/5/2024,FY2021,FY2021 Q2,2024 Dec,"2024 Dec, 05",202412
20241206,12/6/2024,FY2021,FY2021 Q2,2024 Dec,"2024 Dec, 06",202412
20241207,12/7/2024,FY2021,FY2021 Q2,2024 Dec,"2024 Dec, 07",202412
20241208,12/8/2024,FY2021,FY2021 Q2,2024 Dec,"2024 Dec, 08",202412
20241209,12/9/2024,FY2021,FY2021 Q2,2024 Dec,"2024 Dec, 09",202412
20241210,12/10/2024,FY2021,FY2021 Q2,2024 Dec,"2024 Dec, 10",202412
20241211,12/11/2024,FY2021,FY2021 Q2,2024 Dec,"2024 Dec, 11",202412
20241212,12/12/2024,FY2021,FY2021 Q2,2024 Dec,"2024 Dec, 12",202412
20241213,12/13/2024,FY2021,FY2021 Q2,2024 Dec,"2024 Dec, 13",202412
20241214,12/14/2024,FY2021,FY2021 Q2,2024 Dec,"2024 Dec, 14",202412
20241215,12/15/2024,FY2021,FY2021 Q2,2024 Dec,"2024 Dec, 15",202412
20241216,12/16/2024,FY2021,FY2021 Q2,2024 Dec,"2024 Dec, 16",202412
20241217,12/17/2024,FY2021,FY2021 Q2,2024 Dec,"2024 Dec, 17",202412
20241218,12/18/2024,FY2021,FY2021 Q2,2024 Dec,"2024 Dec, 18",202412
20241219,12/19/2024,FY2021,FY2021 Q2,2024 Dec,"2024 Dec, 19",202412
20241220,12/20/2024,FY2021,FY2021 Q2,2024 Dec,"2024 Dec, 20",202412
20241221,12/21/2024,FY2021,FY2021 Q2,2024 Dec,"2024 Dec, 21",202412
20241222,12/22/2024,FY2021,FY2021 Q2,2024 Dec,"2024 Dec, 22",202412
20241223,12/23/2024,FY2021,FY2021 Q2,2024 Dec,"2024 Dec, 23",202412
20241224,12/24/2024,FY2021,FY2021 Q2,2024 Dec,"2024 Dec, 24",202412
20241225,12/25/2024,FY2021,FY2021 Q2,2024 Dec,"2024 Dec, 25",202412
20241226,12/26/2024,FY2021,FY2021 Q2,2024 Dec,"2024 Dec, 26",202412
20241227,12/27/2024,FY2021,FY2021 Q2,2024 Dec,"2024 Dec, 27",202412
20241228,12/28/2024,FY2021,FY2021 Q2,2024 Dec,"2024 Dec, 28",202412
20241229,12/29/2024,FY2021,FY2021 Q2,2024 Dec,"2024 Dec, 29",202412
20241230,12/30/2024,FY2021,FY2021 Q2,2024 Dec,"2024 Dec, 30",202412
20241231,12/31/2024,FY2021,FY2021 Q2,2024 Dec,"2024 Dec, 31",202412
20250101,1/1/2025,FY2025,FY2025 Q3,2025 Jan,"2025 Jan, 01",202501
20250102,1/2/2025,FY2025,FY2025 Q3,2025 Jan,"2025 Jan, 02",202501
20250103,1/3/2025,FY2025,FY2025 Q3,2025 Jan,"2025 Jan, 03",202501
20250104,1/4/2025,FY2025,FY2025 Q3,2025 Jan,"2025 Jan, 04",202501
20250105,1/5/2025,FY2025,FY2025 Q3,2025 Jan,"2025 Jan, 05",202501
20250106,1/6/2025,FY2025,FY2025 Q3,2025 Jan,"2025 Jan, 06",202501
20250107,1/7/2025,FY2025,FY2025 Q3,2025 Jan,"2025 Jan, 07",202501
20250108,1/8/2025,FY2025,FY2025 Q3,2025 Jan,"2025 Jan, 08",202501
20250109,1/9/2025,FY2025,FY2025 Q3,2025 Jan,"2025 Jan, 09",202501
20250110,1/10/2025,FY2025,FY2025 Q3,2025 Jan,"2025 Jan, 10",202501
20250111,1/11/2025,FY2025,FY2025 Q3,2025 Jan,"2025 Jan, 11",202501
20250112,1/12/2025,FY2025,FY2025 Q3,2025 Jan,"2025 Jan, 12",202501
20250113,1/13/2025,FY2025,FY2025 Q3,2025 Jan,"2025 Jan, 13",202501
20250114,1/14/2025,FY2025,FY2025 Q3,2025 Jan,"2025 Jan, 14",202501
20250115,1/15/2025,FY2025,FY2025 Q3,2025 Jan,"2025 Jan, 15",202501
20250116,1/16/2025,FY2025,FY2025 Q3,2025 Jan,"2025 Jan, 16",202501
20250117,1/17/2025,FY2025,FY2025 Q3,2025 Jan,"2025 Jan, 17",202501
20250118,1/18/2025,FY2025,FY2025 Q3,2025 Jan,"2025 Jan, 18",202501
20250119,1/19/2025,FY2025,FY2025 Q3,2025 Jan,"2025 Jan, 19",202501
20250120,1/20/2025,FY2025,FY2025 Q3,2025 Jan,"2025 Jan, 20",202501
20250121,1/21/2025,FY2025,FY2025 Q3,2025 Jan,"2025 Jan, 21",202501
20250122,1/22/2025,FY2025,FY2025 Q3,2025 Jan,"2025 Jan, 22",202501
20250123,1/23/2025,FY2025,FY2025 Q3,2025 Jan,"2025 Jan, 23",202501
20250124,1/24/2025,FY2025,FY2025 Q3,2025 Jan,"2025 Jan, 24",202501
20250125,1/25/2025,FY2025,FY2025 Q3,2025 Jan,"2025 Jan, 25",202501
20250126,1/26/2025,FY2025,FY2025 Q3,2025 Jan,"2025 Jan, 26",202501
20250127,1/27/2025,FY2025,FY2025 Q3,2025 Jan,"2025 Jan, 27",202501
20250128,1/28/2025,FY2025,FY2025 Q3,2025 Jan,"2025 Jan, 28",202501
20250129,1/29/2025,FY2025,FY2025 Q3,2025 Jan,"2025 Jan, 29",202501
20250130,1/30/2025,FY2025,FY2025 Q3,2025 Jan,"2025 Jan, 30",202501
20250131,1/31/2025,FY2025,FY2025 Q3,2025 Jan,"2025 Jan, 31",202501
20250201,2/1/2025,FY2025,FY2025 Q3,2025 Feb,"2025 Feb, 01",202502
20250202,2/2/2025,FY2025,FY2025 Q3,2025 Feb,"2025 Feb, 02",202502
20250203,2/3/2025,FY2025,FY2025 Q3,2025 Feb,"2025 Feb, 03",202502
20250204,2/4/2025,FY2025,FY2025 Q3,2025 Feb,"2025 Feb, 04",202502
20250205,2/5/2025,FY2025,FY2025 Q3,2025 Feb,"2025 Feb, 05",202502
20250206,2/6/2025,FY2025,FY2025 Q3,2025 Feb,"2025 Feb, 06",202502
20250207,2/7/2025,FY2025,FY2025 Q3,2025 Feb,"2025 Feb, 07",202502
20250208,2/8/2025,FY2025,FY2025 Q3,2025 Feb,"2025 Feb, 08",202502
20250209,2/9/2025,FY2025,FY2025 Q3,2025 Feb,"2025 Feb, 09",202502
20250210,2/10/2025,FY2025,FY2025 Q3,2025 Feb,"2025 Feb, 10",202502
20250211,2/11/2025,FY2025,FY2025 Q3,2025 Feb,"2025 Feb, 11",202502
20250212,2/12/2025,FY2025,FY2025 Q3,2025 Feb,"2025 Feb, 12",202502
20250213,2/13/2025,FY2025,FY2025 Q3,2025 Feb,"2025 Feb, 13",202502
20250214,2/14/2025,FY2025,FY2025 Q3,2025 Feb,"2025 Feb, 14",202502
20250215,2/15/2025,FY2025,FY2025 Q3,2025 Feb,"2025 Feb, 15",202502
20250216,2/16/2025,FY2025,FY2025 Q3,2025 Feb,"2025 Feb, 16",202502
20250217,2/17/2025,FY2025,FY2025 Q3,2025 Feb,"2025 Feb, 17",202502
20250218,2/18/2025,FY2025,FY2025 Q3,2025 Feb,"2025 Feb, 18",202502
20250219,2/19/2025,FY2025,FY2025 Q3,2025 Feb,"2025 Feb, 19",202502
20250220,2/20/2025,FY2025,FY2025 Q3,2025 Feb,"2025 Feb, 20",202502
20250221,2/21/2025,FY2025,FY2025 Q3,2025 Feb,"2025 Feb, 21",202502
20250222,2/22/2025,FY2025,FY2025 Q3,2025 Feb,"2025 Feb, 22",202502
20250223,2/23/2025,FY2025,FY2025 Q3,2025 Feb,"2025 Feb, 23",202502
20250224,2/24/2025,FY2025,FY2025 Q3,2025 Feb,"2025 Feb, 24",202502
20250225,2/25/2025,FY2025,FY2025 Q3,2025 Feb,"2025 Feb, 25",202502
20250226,2/26/2025,FY2025,FY2025 Q3,2025 Feb,"2025 Feb, 26",202502
20250227,2/27/2025,FY2025,FY2025 Q3,2025 Feb,"2025 Feb, 27",202502
20250228,2/28/2025,FY2025,FY2025 Q3,2025 Feb,"2025 Feb, 28",202502
20250301,3/1/2025,FY2025,FY2025 Q3,2025 Mar,"2025 Mar, 01",202503
20250302,3/2/2025,FY2025,FY2025 Q3,2025 Mar,"2025 Mar, 02",202503
20250303,3/3/2025,FY2025,FY2025 Q3,2025 Mar,"2025 Mar, 03",202503
20250304,3/4/2025,FY2025,FY2025 Q3,2025 Mar,"2025 Mar, 04",202503
20250305,3/5/2025,FY2025,FY2025 Q3,2025 Mar,"2025 Mar, 05",202503
20250306,3/6/2025,FY2025,FY2025 Q3,2025 Mar,"2025 Mar, 06",202503
20250307,3/7/2025,FY2025,FY2025 Q3,2025 Mar,"2025 Mar, 07",202503
20250308,3/8/2025,FY2025,FY2025 Q3,2025 Mar,"2025 Mar, 08",202503
20250309,3/9/2025,FY2025,FY2025 Q3,2025 Mar,"2025 Mar, 09",202503
20250310,3/10/2025,FY2025,FY2025 Q3,2025 Mar,"2025 Mar, 10",202503
20250311,3/11/2025,FY2025,FY2025 Q3,2025 Mar,"2025 Mar, 11",202503
20250312,3/12/2025,FY2025,FY2025 Q3,2025 Mar,"2025 Mar, 12",202503
20250313,3/13/2025,FY2025,FY2025 Q3,2025 Mar,"2025 Mar, 13",202503
20250314,3/14/2025,FY2025,FY2025 Q3,2025 Mar,"2025 Mar, 14",202503
20250315,3/15/2025,FY2025,FY2025 Q3,2025 Mar,"2025 Mar, 15",202503
20250316,3/16/2025,FY2025,FY2025 Q3,2025 Mar,"2025 Mar, 16",202503
20250317,3/17/2025,FY2025,FY2025 Q3,2025 Mar,"2025 Mar, 17",202503
20250318,3/18/2025,FY2025,FY2025 Q3,2025 Mar,"2025 Mar, 18",202503
20250319,3/19/2025,FY2025,FY2025 Q3,2025 Mar,"2025 Mar, 19",202503
20250320,3/20/2025,FY2025,FY2025 Q3,2025 Mar,"2025 Mar, 20",202503
20250321,3/21/2025,FY2025,FY2025 Q3,2025 Mar,"2025 Mar, 21",202503
20250322,3/22/2025,FY2025,FY2025 Q3,2025 Mar,"2025 Mar, 22",202503
20250323,3/23/2025,FY2025,FY2025 Q3,2025 Mar,"2025 Mar, 23",202503
20250324,3/24/2025,FY2025,FY2025 Q3,2025 Mar,"2025 Mar, 24",202503
20250325,3/25/2025,FY2025,FY2025 Q3,2025 Mar,"2025 Mar, 25",202503
20250326,3/26/2025,FY2025,FY2025 Q3,2025 Mar,"2025 Mar, 26",202503
20250327,3/27/2025,FY2025,FY2025 Q3,2025 Mar,"2025 Mar, 27",202503
20250328,3/28/2025,FY2025,FY2025 Q3,2025 Mar,"2025 Mar, 28",202503
20250329,3/29/2025,FY2025,FY2025 Q3,2025 Mar,"2025 Mar, 29",202503
20250330,3/30/2025,FY2025,FY2025 Q3,2025 Mar,"2025 Mar, 30",202503
20250331,3/31/2025,FY2025,FY2025 Q3,2025 Mar,"2025 Mar, 31",202503
20250401,4/1/2025,FY2025,FY2025 Q4,2025 Apr,"2025 Apr, 01",202504
20250402,4/2/2025,FY2025,FY2025 Q4,2025 Apr,"2025 Apr, 02",202504
20250403,4/3/2025,FY2025,FY2025 Q4,2025 Apr,"2025 Apr, 03",202504
20250404,4/4/2025,FY2025,FY2025 Q4,2025 Apr,"2025 Apr, 04",202504
20250405,4/5/2025,FY2025,FY2025 Q4,2025 Apr,"2025 Apr, 05",202504
20250406,4/6/2025,FY2025,FY2025 Q4,2025 Apr,"2025 Apr, 06",202504
20250407,4/7/2025,FY2025,FY2025 Q4,2025 Apr,"2025 Apr, 07",202504
20250408,4/8/2025,FY2025,FY2025 Q4,2025 Apr,"2025 Apr, 08",202504
20250409,4/9/2025,FY2025,FY2025 Q4,2025 Apr,"2025 Apr, 09",202504
20250410,4/10/2025,FY2025,FY2025 Q4,2025 Apr,"2025 Apr, 10",202504
20250411,4/11/2025,FY2025,FY2025 Q4,2025 Apr,"2025 Apr, 11",202504
20250412,4/12/2025,FY2025,FY2025 Q4,2025 Apr,"2025 Apr, 12",202504
20250413,4/13/2025,FY2025,FY2025 Q4,2025 Apr,"2025 Apr, 13",202504
20250414,4/14/2025,FY2025,FY2025 Q4,2025 Apr,"2025 Apr, 14",202504
20250415,4/15/2025,FY2025,FY2025 Q4,2025 Apr,"2025 Apr, 15",202504
20250416,4/16/2025,FY2025,FY2025 Q4,2025 Apr,"2025 Apr, 16",202504
20250417,4/17/2025,FY2025,FY2025 Q4,2025 Apr,"2025 Apr, 17",202504
20250418,4/18/2025,FY2025,FY2025 Q4,2025 Apr,"2025 Apr, 18",202504
20250419,4/19/2025,FY2025,FY2025 Q4,2025 Apr,"2025 Apr, 19",202504
20250420,4/20/2025,FY2025,FY2025 Q4,2025 Apr,"2025 Apr, 20",202504
20250421,4/21/2025,FY2025,FY2025 Q4,2025 Apr,"2025 Apr, 21",202504
20250422,4/22/2025,FY2025,FY2025 Q4,2025 Apr,"2025 Apr, 22",202504
20250423,4/23/2025,FY2025,FY2025 Q4,2025 Apr,"2025 Apr, 23",202504
20250424,4/24/2025,FY2025,FY2025 Q4,2025 Apr,"2025 Apr, 24",202504
20250425,4/25/2025,FY2025,FY2025 Q4,2025 Apr,"2025 Apr, 25",202504
20250426,4/26/2025,FY2025,FY2025 Q4,2025 Apr,"2025 Apr, 26",202504
20250427,4/27/2025,FY2025,FY2025 Q4,2025 Apr,"2025 Apr, 27",202504
20250428,4/28/2025,FY2025,FY2025 Q4,2025 Apr,"2025 Apr, 28",202504
20250429,4/29/2025,FY2025,FY2025 Q4,2025 Apr,"2025 Apr, 29",202504
20250430,4/30/2025,FY2025,FY2025 Q4,2025 Apr,"2025 Apr, 30",202504
20250501,5/1/2025,FY2025,FY2025 Q4,2025 May,"2025 May, 01",202505
20250502,5/2/2025,FY2025,FY2025 Q4,2025 May,"2025 May, 02",202505
20250503,5/3/2025,FY2025,FY2025 Q4,2025 May,"2025 May, 03",202505
20250504,5/4/2025,FY2025,FY2025 Q4,2025 May,"2025 May, 04",202505
20250505,5/5/2025,FY2025,FY2025 Q4,2025 May,"2025 May, 05",202505
20250506,5/6/2025,FY2025,FY2025 Q4,2025 May,"2025 May, 06",202505
20250507,5/7/2025,FY2025,FY2025 Q4,2025 May,"2025 May, 07",202505
20250508,5/8/2025,FY2025,FY2025 Q4,2025 May,"2025 May, 08",202505
20250509,5/9/2025,FY2025,FY2025 Q4,2025 May,"2025 May, 09",202505
20250510,5/10/2025,FY2025,FY2025 Q4,2025 May,"2025 May, 10",202505
20250511,5/11/2025,FY2025,FY2025 Q4,2025 May,"2025 May, 11",202505
20250512,5/12/2025,FY2025,FY2025 Q4,2025 May,"2025 May, 12",202505
20250513,5/13/2025,FY2025,FY2025 Q4,2025 May,"2025 May, 13",202505
20250514,5/14/2025,FY2025,FY2025 Q4,2025 May,"2025 May, 14",202505
20250515,5/15/2025,FY2025,FY2025 Q4,2025 May,"2025 May, 15",202505
20250516,5/16/2025,FY2025,FY2025 Q4,2025 May,"2025 May, 16",202505
20250517,5/17/2025,FY2025,FY2025 Q4,2025 May,"2025 May, 17",202505
20250518,5/18/2025,FY2025,FY2025 Q4,2025 May,"2025 May, 18",202505
20250519,5/19/2025,FY2025,FY2025 Q4,2025 May,"2025 May, 19",202505
20250520,5/20/2025,FY2025,FY2025 Q4,2025 May,"2025 May, 20",202505
20250521,5/21/2025,FY2025,FY2025 Q4,2025 May,"2025 May, 21",202505
20250522,5/22/2025,FY2025,FY2025 Q4,2025 May,"2025 May, 22",202505
20250523,5/23/2025,FY2025,FY2025 Q4,2025 May,"2025 May, 23",202505
20250524,5/24/2025,FY2025,FY2025 Q4,2025 May,"2025 May, 24",202505
20250525,5/25/2025,FY2025,FY2025 Q4,2025 May,"2025 May, 25",202505
20250526,5/26/2025,FY2025,FY2025 Q4,2025 May,"2025 May, 26",202505
20250527,5/27/2025,FY2025,FY2025 Q4,2025 May,"2025 May, 27",202505
20250528,5/28/2025,FY2025,FY2025 Q4,2025 May,"2025 May, 28",202505
20250529,5/29/2025,FY2025,FY2025 Q4,2025 May,"2025 May, 29",202505
20250530,5/30/2025,FY2025,FY2025 Q4,2025 May,"2025 May, 30",202505
20250531,5/31/2025,FY2025,FY2025 Q4,2025 May,"2025 May, 31",202505
20250601,6/1/2025,FY2025,FY2025 Q4,2025 Jun,"2025 Jun, 01",202506
20250602,6/2/2025,FY2025,FY2025 Q4,2025 Jun,"2025 Jun, 02",202506
20250603,6/3/2025,FY2025,FY2025 Q4,2025 Jun,"2025 Jun, 03",202506
20250604,6/4/2025,FY2025,FY2025 Q4,2025 Jun,"2025 Jun, 04",202506
20250605,6/5/2025,FY2025,FY2025 Q4,2025 Jun,"2025 Jun, 05",202506
20250606,6/6/2025,FY2025,FY2025 Q4,2025 Jun,"2025 Jun, 06",202506
20250607,6/7/2025,FY2025,FY2025 Q4,2025 Jun,"2025 Jun, 07",202506
20250608,6/8/2025,FY2025,FY2025 Q4,2025 Jun,"2025 Jun, 08",202506
20250609,6/9/2025,FY2025,FY2025 Q4,2025 Jun,"2025 Jun, 09",202506
20250610,6/10/2025,FY2025,FY2025 Q4,2025 Jun,"2025 Jun, 10",202506
20250611,6/11/2025,FY2025,FY2025 Q4,2025 Jun,"2025 Jun, 11",202506
20250612,6/12/2025,FY2025,FY2025 Q4,2025 Jun,"2025 Jun, 12",202506
20250613,6/13/2025,FY2025,FY2025 Q4,2025 Jun,"2025 Jun, 13",202506
20250614,6/14/2025,FY2025,FY2025 Q4,2025 Jun,"2025 Jun, 14",202506
20250615,6/15/2025,FY2025,FY2025 Q4,2025 Jun,"2025 Jun, 15",202506
20250616,6/16/2025,FY2025,FY2025 Q4,2025 Jun,"2025 Jun, 16",202506
20250617,6/17/2025,FY2025,FY2025 Q4,2025 Jun,"2025 Jun, 17",202506
20250618,6/18/2025,FY2025,FY2025 Q4,2025 Jun,"2025 Jun, 18",202506
20250619,6/19/2025,FY2025,FY2025 Q4,2025 Jun,"2025 Jun, 19",202506
20250620,6/20/2025,FY2025,FY2025 Q4,2025 Jun,"2025 Jun, 20",202506
20250621,6/21/2025,FY2025,FY2025 Q4,2025 Jun,"2025 Jun, 21",202506
20250622,6/22/2025,FY2025,FY2025 Q4,2025 Jun,"2025 Jun, 22",202506
20250623,6/23/2025,FY2025,FY2025 Q4,2025 Jun,"2025 Jun, 23",202506
20250624,6/24/2025,FY2025,FY2025 Q4,2025 Jun,"2025 Jun, 24",202506
20250625,6/25/2025,FY2025,FY2025 Q4,2025 Jun,"2025 Jun, 25",202506
20250626,6/26/2025,FY2025,FY2025 Q4,2025 Jun,"2025 Jun, 26",202506
20250627,6/27/2025,FY2025,FY2025 Q4,2025 Jun,"2025 Jun, 27",202506
20250628,6/28/2025,FY2025,FY2025 Q4,2025 Jun,"2025 Jun, 28",202506
20250629,6/29/2025,FY2025,FY2025 Q4,2025 Jun,"2025 Jun, 29",202506
20250630,6/30/2025,FY2025,FY2025 Q4,2025 Jun,"2025 Jun, 30",202506
